81,90,81,131,125,134,125,154,122,105,7,54,47,51,48,46,55,49,38,41,58,44,43,39,25,48,45,49,50,60,40,19,42,45,43,12,17,12,8,14,14,18,7,10,15,15,12,17,14,15,17,15,12,13,14,6,12,16,12,15,14,13,16,16,16,17,14,6,9,13,14,17,18,13,7,8,17,17,15,16,16,12,16,16,14,16,17,4,18,14,16,14,13,9,15,11,17,12,13,5,17,14,15,16,14,12,16,14,15,16,17,536,710,526,675,632,582,513,667,504,645,610,469,664,548,420,139,314,201,370,437,437,143,494,371,468,322,359,405,351,379,427,432,423,411,393,397,236,441,163,350,394,358,395,213,382,348,383,404,409,347,131,455,423,404,352,507,500,372,371,365,455,159,366,468,115,341,96,408,490,403,431,446,398,379,424,494,411,406,379,249,305,357,474,493,453,130,374,423,392,332,387,240,356,438,400,407,464,429,341,335,366,285,329,333,251,354,432,345,445,394,348,457,485,377,365,465,464,410,330,336,399,429,364,402,371,381,136,328,417,480,158,399,483,407,80,471,353,338,470,408,503,410,443,330,484,435,421,348,256,478,457,443,448,234,434,382,436,403,419,326,479,472,399,278,341,409,357,304,433,417,425,396,336,426,402,234,493,385,415,377,355,432,429,449,358,421,469,469,363,317,339,409,478,348,499,325,310,384,390,250,114,220,434,467,429,469,370,201,398,432,417,353,423,162,293,392,386,308,269,429,394,375,399,368,364,397,431,389,445,435,328,288,258,422,458,343,378,422,413,427,400,453,376,376,391,403,414,419,354
104,115,111,196,176,196,178,235,171,139,10,102,73,102,101,92,106,81,69,77,127,71,75,55,49,77,102,93,86,131,97,47,56,74,78,10,17,9,12,12,14,19,11,4,14,18,9,18,8,15,17,14,11,13,13,9,10,16,6,12,8,7,17,15,16,16,14,5,3,12,12,15,18,11,11,7,17,15,15,16,13,10,16,13,10,16,20,1,20,11,15,11,9,13,16,7,17,11,11,7,15,12,11,17,17,9,16,16,17,14,21,589,782,543,681,714,677,560,721,479,743,748,480,724,608,352,201,277,157,315,486,511,125,527,359,501,334,307,429,296,405,424,391,426,350,450,410,286,416,202,342,394,348,317,221,373,322,399,434,367,287,166,466,370,391,345,566,553,370,311,292,440,151,374,471,91,429,100,407,512,410,435,442,373,382,380,530,399,312,363,208,231,348,513,584,465,135,246,410,343,301,296,269,335,395,361,351,499,413,323,262,348,290,307,267,314,343,385,276,422,393,342,498,563,408,369,505,491,357,310,346,447,521,325,375,300,391,180,293,448,489,241,346,555,368,73,477,329,265,496,336,555,390,426,255,497,398,415,359,292,513,437,428,419,229,372,321,412,363,395,362,528,507,374,345,302,427,263,254,429,349,461,386,283,426,334,286,517,376,353,317,301,537,419,427,314,368,474,483,310,275,328,401,489,298,544,380,242,331,403,261,146,198,398,463,430,471,367,142,424,400,400,314,361,172,297,396,336,251,273,413,436,406,302,377,323,444,502,387,429,448,302,235,205,358,474,283,327,456,449,458,391,478,416,412,347,409,348,380,316
178,188,193,303,271,297,273,353,262,217,84,128,84,137,140,125,135,94,94,105,170,85,97,64,85,89,148,122,105,176,150,94,61,91,103,8,12,7,14,9,11,14,13,2,10,16,6,14,4,11,12,11,8,10,10,12,8,12,3,8,3,3,13,12,13,12,11,7,1,10,9,11,13,8,13,7,13,11,11,12,9,7,12,8,7,12,16,4,16,8,10,8,6,13,14,5,13,9,9,10,10,8,6,13,14,6,12,14,13,10,17,712,811,640,680,794,754,621,788,544,782,817,523,749,674,303,317,279,201,295,470,520,202,495,353,469,359,283,423,280,407,394,344,404,309,462,406,355,374,290,342,380,339,278,278,358,308,390,432,323,263,264,425,322,382,351,535,526,371,282,263,403,226,365,440,174,488,195,379,476,394,416,398,349,388,346,504,381,251,344,237,210,334,502,586,431,228,175,375,306,297,247,324,319,346,328,314,470,373,327,238,348,321,315,248,380,339,332,249,381,374,352,481,548,408,367,485,455,329,317,357,454,535,302,348,261,383,283,296,447,447,359,297,545,323,178,444,312,240,476,292,524,365,389,235,454,358,389,384,352,492,393,404,367,283,310,282,381,320,364,403,500,471,352,412,285,411,217,262,400,292,451,367,278,400,292,361,466,355,310,283,283,556,381,383,291,320,436,451,280,271,333,386,442,282,520,421,228,302,400,314,252,247,353,418,402,435,358,167,425,359,374,302,304,256,324,380,308,241,316,376,436,421,242,376,307,452,512,378,390,428,305,236,215,305,435,256,306,437,446,444,363,451,428,421,317,392,302,352,312
259,268,282,406,363,395,366,464,353,298,179,118,74,131,137,123,125,84,93,104,161,78,92,59,96,80,148,115,96,166,157,112,53,85,99,9,13,9,19,9,13,16,19,2,11,19,6,15,3,13,13,12,10,12,12,17,9,14,2,8,2,2,15,13,14,13,13,10,1,12,10,11,14,10,19,9,14,11,13,14,9,9,14,8,7,14,19,7,17,8,11,8,7,18,16,6,14,11,10,15,11,9,6,15,17,7,14,16,16,10,20,774,773,700,639,799,756,702,784,551,856,896,587,805,755,270,390,281,232,275,466,516,254,466,345,451,371,270,416,266,408,376,316,389,278,468,399,401,347,354,340,371,339,246,322,349,307,393,426,301,253,337,406,291,361,350,513,502,362,262,241,372,278,370,409,234,512,268,369,448,385,396,378,332,380,315,475,361,216,338,257,210,337,475,571,411,291,142,357,286,298,215,366,319,315,310,284,453,354,327,227,340,343,318,237,428,340,302,236,354,365,351,464,535,414,368,467,438,297,320,368,457,540,294,329,240,384,354,294,438,417,434,278,529,305,252,414,311,229,449,259,501,346,362,224,426,327,369,386,387,468,362,373,339,312,279,261,352,302,343,417,483,455,334,448,284,406,196,263,380,261,443,357,269,382,262,406,441,350,276,264,270,564,363,354,281,291,406,424,267,271,336,368,416,274,492,443,224,281,394,344,327,277,324,388,386,404,358,197,419,329,352,293,273,310,345,374,287,242,340,354,441,422,206,377,295,455,509,369,363,410,306,242,234,273,417,247,284,434,442,434,354,433,434,425,299,383,269,324,300
303,310,329,459,410,444,413,518,400,341,234,113,69,127,135,120,119,78,92,102,156,75,90,57,100,75,147,112,91,160,158,118,49,81,96,11,14,10,23,10,15,17,23,2,12,22,7,16,2,15,14,13,12,14,13,22,10,15,2,8,2,2,16,15,16,14,14,13,1,14,11,12,15,11,23,11,15,12,14,15,9,10,15,8,7,15,21,10,19,9,12,9,8,22,18,6,15,13,12,19,11,10,6,17,20,8,15,19,18,11,22,821,781,747,650,836,786,745,815,588,890,933,621,835,794,253,421,280,244,265,463,513,277,452,339,441,372,264,412,259,407,366,304,379,263,468,394,420,333,381,338,367,337,231,339,345,306,390,422,292,246,368,398,277,349,348,500,489,356,252,232,355,300,370,394,260,519,299,363,433,380,385,368,323,374,300,460,353,200,333,262,210,337,459,562,403,317,127,349,277,296,200,383,318,299,301,270,443,343,324,221,334,351,316,232,446,339,288,229,338,360,349,456,528,414,366,457,429,282,319,372,455,539,288,321,230,383,385,291,433,403,463,269,519,295,281,400,309,224,435,242,489,336,347,219,411,311,360,384,401,455,347,356,326,324,263,251,338,293,332,420,474,445,324,461,283,401,185,261,370,247,438,352,263,374,248,423,430,345,261,255,263,565,354,341,277,277,391,410,262,271,336,360,403,268,477,451,223,271,390,357,358,289,309,373,378,389,356,209,414,315,342,288,259,333,351,369,277,240,347,344,441,420,191,376,289,454,504,365,350,401,306,245,240,257,408,242,274,430,436,430,349,423,433,426,289,377,253,308,293
132,135,134,161,155,161,155,173,153,143,102,86,77,86,85,83,87,79,75,78,94,76,77,71,69,78,86,83,81,95,84,68,71,77,78,14,17,14,15,15,16,17,15,13,16,17,14,17,14,16,17,16,15,15,15,14,14,16,13,15,14,13,17,16,16,16,16,13,12,15,15,16,17,15,15,13,17,16,16,16,15,14,16,15,14,16,17,12,18,15,16,15,14,15,16,13,17,15,15,13,16,15,15,17,16,14,16,16,16,16,18,643,705,627,672,682,670,609,683,608,667,669,582,662,614,362,313,338,300,350,405,412,290,418,364,409,356,348,387,344,379,385,374,385,362,393,380,341,382,314,359,375,361,351,320,369,353,378,388,367,341,303,398,368,374,360,430,426,368,349,342,390,298,369,400,279,386,282,380,413,381,388,391,368,372,371,419,378,349,366,316,323,361,413,436,398,293,328,380,359,346,344,336,357,375,365,361,409,382,352,334,361,343,348,335,350,359,373,338,384,375,359,409,430,380,368,411,406,364,349,360,392,416,354,369,346,375,307,343,393,406,327,361,426,368,273,402,354,334,408,357,427,374,385,331,408,376,382,364,342,413,389,386,384,323,368,352,382,365,376,365,418,412,369,360,346,386,334,331,387,361,396,373,341,386,356,341,414,370,362,350,346,421,384,386,350,367,401,403,349,338,355,377,405,345,423,371,327,355,378,333,296,313,377,397,387,400,367,295,385,378,378,350,364,305,345,376,357,330,337,381,389,379,346,370,352,392,410,373,387,393,346,325,315,364,401,340,354,395,393,396,375,402,382,381,360,380,361,371,351
191,196,198,250,235,247,236,273,231,210,147,116,95,120,121,115,119,100,100,105,135,96,101,86,96,98,125,113,105,138,126,100,84,99,104,11,13,11,14,11,13,14,14,8,12,15,10,14,9,13,13,12,11,12,12,13,11,13,9,11,9,9,13,13,13,13,12,10,8,12,11,12,13,11,13,10,13,12,13,13,11,11,13,11,10,13,15,9,15,11,12,11,10,14,14,10,13,12,11,12,12,11,10,14,14,10,13,14,14,12,15,710,754,675,692,746,727,636,745,630,712,729,592,697,653,333,340,322,286,330,412,434,286,424,357,411,360,324,390,322,382,376,353,380,337,408,381,358,366,328,351,369,351,322,322,359,336,375,394,343,316,316,390,342,370,356,441,437,365,324,315,380,298,362,397,274,420,283,369,415,375,387,378,355,373,354,428,370,309,353,303,290,348,427,466,393,299,273,368,335,330,308,344,341,354,345,339,411,366,344,303,355,341,339,308,370,350,347,308,370,366,356,417,447,383,363,418,404,346,340,358,404,442,333,355,314,371,324,330,400,401,360,331,446,343,275,399,338,304,414,328,436,362,374,302,405,360,374,372,357,422,375,381,364,325,337,323,369,342,362,380,425,412,356,384,326,384,294,315,379,328,403,364,322,379,329,361,410,357,336,324,324,452,369,371,327,341,395,403,322,318,348,372,399,324,434,388,299,333,379,338,310,308,357,387,379,395,359,270,390,359,367,333,335,311,343,369,336,305,340,367,395,389,305,368,336,402,431,369,375,392,334,302,293,334,396,312,334,396,400,399,362,402,391,389,340,375,333,356,337
260,267,277,369,337,361,339,411,329,289,201,114,81,124,128,117,119,88,96,103,146,85,95,70,98,86,136,112,98,150,143,110,66,89,100,11,14,11,18,11,14,16,18,6,13,18,9,15,6,14,14,13,12,13,13,17,11,14,6,10,6,6,15,14,15,14,14,12,5,13,11,13,15,11,18,11,15,12,14,14,11,11,14,10,9,14,18,10,17,10,12,10,10,17,16,8,14,12,12,15,12,11,8,15,17,10,14,16,16,12,19,752,752,698,653,773,737,699,760,587,812,842,614,775,734,292,382,300,264,297,438,475,281,438,348,427,367,292,400,290,394,371,327,380,298,439,388,390,349,355,345,368,344,275,330,352,320,383,408,316,280,342,394,308,360,352,472,464,361,286,272,368,299,366,396,266,472,291,366,424,378,386,373,339,374,326,444,360,252,343,282,248,343,444,515,398,308,197,357,305,313,252,363,329,325,321,303,428,355,334,260,344,346,327,268,410,344,316,267,354,363,353,437,489,399,365,438,417,312,330,365,431,492,309,337,270,377,355,311,418,401,414,299,484,318,279,399,322,262,425,284,464,349,360,258,407,334,366,379,379,439,360,369,344,324,298,286,353,316,347,401,450,430,339,425,303,394,237,286,374,286,421,357,291,376,287,393,419,351,297,288,292,510,361,354,300,308,393,406,290,294,342,365,401,295,457,421,259,300,384,348,334,297,332,379,379,392,358,238,403,336,354,310,295,322,348,370,305,272,344,355,419,405,245,372,311,430,469,366,361,397,319,272,265,294,401,275,303,414,420,414,355,413,414,407,314,376,291,332,315
303,310,329,459,410,444,413,518,400,341,234,113,69,127,135,120,119,78,92,102,156,75,90,57,100,75,147,112,91,160,158,118,49,81,96,11,14,10,23,10,15,17,23,2,12,22,7,16,2,15,14,13,12,14,13,22,10,15,2,8,2,2,16,15,16,14,14,13,1,14,11,12,15,11,23,11,15,12,14,15,9,10,15,8,7,15,21,10,19,9,12,9,8,22,18,6,15,13,12,19,11,10,6,17,20,8,15,19,18,11,22,821,781,747,650,836,786,745,815,588,890,933,621,835,794,253,421,280,244,265,463,513,277,452,339,441,372,264,412,259,407,366,304,379,263,468,394,420,333,381,338,367,337,231,339,345,306,390,422,292,246,368,398,277,349,348,500,489,356,252,232,355,300,370,394,260,519,299,363,433,380,385,368,323,374,300,460,353,200,333,262,210,337,459,562,403,317,127,349,277,296,200,383,318,299,301,270,443,343,324,221,334,351,316,232,446,339,288,229,338,360,349,456,528,414,366,457,429,282,319,372,455,539,288,321,230,383,385,291,433,403,463,269,519,295,281,400,309,224,435,242,489,336,347,219,411,311,360,384,401,455,347,356,326,324,263,251,338,293,332,420,474,445,324,461,283,401,185,261,370,247,438,352,263,374,248,423,430,345,261,255,263,565,354,341,277,277,391,410,262,271,336,360,403,268,477,451,223,271,390,357,358,289,309,373,378,389,356,209,414,315,342,288,259,333,351,369,277,240,347,344,441,420,191,376,289,454,504,365,350,401,306,245,240,257,408,242,274,430,436,430,349,423,433,426,289,377,253,308,293
110,113,111,128,125,128,125,136,124,118,86,46,45,47,43,45,46,44,43,41,49,44,42,41,36,43,43,46,44,48,42,36,41,42,42,14,15,14,13,15,14,16,12,13,15,15,14,16,15,15,15,15,14,14,15,11,14,15,13,16,15,14,15,16,15,16,14,12,14,14,14,15,15,14,13,13,16,15,16,15,15,14,16,15,14,15,16,11,16,15,16,15,15,13,15,13,15,13,14,11,15,14,15,16,14,14,15,14,15,15,15,607,651,587,637,641,608,546,651,607,617,578,532,613,575,383,287,347,329,387,401,388,310,408,378,400,349,362,379,360,369,386,409,405,392,395,387,321,390,296,359,375,362,386,324,383,359,370,390,380,359,284,395,396,378,360,413,410,378,366,376,395,306,365,399,280,356,284,380,406,378,387,391,376,370,385,409,392,378,390,324,365,383,403,408,395,296,388,396,386,364,393,321,361,389,397,379,398,387,356,375,365,338,373,374,325,361,399,358,403,374,359,396,427,389,364,398,398,380,374,354,375,386,376,376,378,370,286,352,382,404,293,387,404,391,288,400,360,376,412,379,412,392,412,352,405,388,384,359,349,424,395,391,414,320,387,383,401,377,383,352,403,401,389,356,356,392,383,364,388,394,385,374,376,397,377,331,429,371,381,389,360,388,398,405,383,405,400,412,364,370,377,400,415,379,410,351,345,383,394,325,290,315,389,399,387,399,366,320,397,400,382,382,385,316,339,395,384,366,353,386,375,368,376,365,364,375,399,373,392,389,365,338,328,384,396,378,368,405,393,386,376,394,389,389,395,377,381,404,361
133,137,137,165,157,163,157,178,155,144,104,83,79,92,83,88,84,76,81,75,96,78,74,68,66,75,83,89,78,93,86,74,68,74,76,14,16,15,16,15,15,17,14,12,17,16,14,18,15,15,16,15,15,15,16,13,15,16,12,16,15,13,16,17,17,17,15,12,13,15,14,15,16,14,16,14,17,15,17,17,15,14,17,15,14,16,19,11,17,16,17,16,15,15,18,13,16,14,14,13,15,14,16,17,16,13,16,16,16,16,17,659,688,612,655,698,655,593,700,644,707,654,567,677,651,350,299,324,325,376,415,400,314,405,373,397,342,334,375,331,366,373,401,412,371,420,390,327,369,301,346,364,348,360,330,378,339,365,397,354,329,289,386,377,362,346,418,415,377,336,352,378,306,356,388,266,374,290,367,401,369,376,378,356,359,360,407,387,336,392,302,350,388,402,425,386,301,354,390,368,355,370,322,344,363,391,349,397,369,340,359,349,331,374,361,337,346,382,325,394,363,346,398,456,406,355,398,394,352,374,347,380,404,362,357,354,362,293,331,380,394,313,369,415,377,298,389,341,360,418,343,415,384,412,317,396,364,370,353,369,440,376,373,410,309,356,361,391,352,363,353,406,399,378,386,333,396,359,356,375,370,385,360,366,396,343,350,442,357,349,377,332,410,392,395,376,394,388,413,335,364,380,403,415,371,411,358,313,365,405,320,304,300,364,385,375,388,354,303,412,387,365,376,353,330,332,403,367,355,362,368,377,367,332,357,340,379,420,362,374,382,356,311,301,350,389,366,341,422,403,383,362,389,409,408,387,367,347,397,337
195,200,205,259,239,251,240,283,235,213,154,110,99,132,116,127,113,94,112,99,140,100,95,79,90,91,119,125,99,133,131,112,78,92,98,10,12,11,15,12,12,13,13,7,14,14,11,15,10,12,12,11,12,11,14,12,12,12,8,12,10,8,13,14,14,13,12,10,9,13,11,12,13,10,15,11,14,11,14,13,11,10,15,10,9,12,17,8,14,12,14,12,12,13,15,9,13,11,11,11,11,10,12,14,13,9,12,13,13,12,15,735,735,653,673,773,706,612,771,691,773,708,568,721,711,312,318,301,325,371,428,416,325,404,371,392,339,302,371,301,362,357,394,423,350,450,397,337,346,308,330,350,329,336,336,373,314,354,409,322,295,294,371,356,350,335,424,418,380,302,328,360,311,342,377,252,400,296,348,396,357,366,358,335,356,335,408,385,287,395,281,330,388,409,448,373,312,313,383,349,344,348,322,320,333,387,318,392,346,325,343,336,323,380,348,350,330,361,287,385,348,336,398,492,424,343,399,385,326,381,338,385,424,347,334,327,351,302,308,381,381,339,345,428,358,315,380,316,344,430,306,418,377,415,279,385,339,355,353,398,466,355,361,405,303,316,337,384,320,342,362,406,394,371,426,304,399,333,355,358,342,383,344,362,394,307,375,452,338,316,365,302,435,384,386,368,383,375,419,301,358,389,414,415,364,416,368,276,346,421,318,322,287,338,367,360,375,338,283,433,374,346,373,315,352,322,411,349,345,380,347,377,368,283,348,314,384,448,350,354,373,349,280,270,313,376,351,315,439,416,379,342,383,435,431,382,355,312,398,317
268,274,290,390,348,372,350,434,340,298,214,105,87,143,120,136,111,78,114,94,154,90,85,60,89,76,129,131,88,143,151,128,55,80,91,9,12,11,21,12,12,14,17,4,15,17,10,18,9,12,12,11,12,11,16,16,14,13,4,13,8,4,13,17,16,15,12,10,7,14,10,11,13,10,21,12,16,11,17,15,9,9,17,8,7,13,21,8,16,13,15,13,12,16,19,6,13,11,10,14,10,9,11,16,15,8,13,15,14,13,18,794,723,665,620,816,710,668,802,675,911,817,581,818,826,257,350,266,324,359,464,448,342,409,370,397,335,258,373,254,364,342,390,445,318,508,412,359,316,325,312,338,310,294,352,374,286,352,433,281,246,309,363,328,327,318,444,437,384,251,291,336,318,334,365,232,445,312,334,395,349,355,341,305,345,294,415,383,214,407,246,308,406,418,490,366,329,254,380,324,334,312,331,295,292,386,268,398,322,301,321,313,316,392,330,379,311,337,231,377,333,320,411,560,465,333,409,387,280,393,333,402,466,330,304,289,345,323,276,387,371,384,320,457,340,341,369,288,323,450,248,435,372,425,222,377,301,336,350,445,508,328,336,408,290,264,305,376,282,313,373,421,400,361,492,268,417,297,348,342,305,392,325,353,400,251,417,487,318,261,349,256,487,385,378,363,371,362,432,255,355,406,431,425,356,429,391,221,321,451,315,356,265,302,348,347,360,325,256,469,358,321,372,262,386,314,434,325,333,409,323,392,375,207,340,276,400,497,337,329,370,341,235,228,259,370,336,271,481,445,385,321,384,481,475,377,344,256,395,280
313,319,345,474,416,448,419,532,405,349,258,101,78,149,122,142,108,68,115,91,162,84,79,47,90,65,134,134,80,147,163,140,40,71,86,9,12,12,27,12,13,15,21,1,17,20,9,21,7,13,13,11,13,12,18,19,15,13,1,13,7,1,14,19,18,16,12,11,5,16,9,10,13,9,27,13,17,10,18,17,8,8,20,6,5,13,25,8,17,13,16,13,12,20,22,5,13,11,10,17,10,8,11,18,18,7,13,16,16,13,20,866,742,708,615,880,747,706,861,707,996,888,590,879,900,217,378,243,328,346,486,467,357,409,367,398,332,227,373,224,365,330,384,457,294,543,420,377,294,342,300,330,299,264,367,373,268,350,446,253,215,327,356,307,309,308,454,444,385,217,263,316,329,331,353,226,473,329,324,391,344,344,329,284,338,266,417,380,166,413,225,293,417,420,513,360,346,215,375,307,327,285,341,279,262,381,233,400,304,286,306,298,314,397,316,404,299,319,193,367,324,309,416,599,490,326,414,386,248,399,331,413,493,318,283,262,343,343,254,390,360,419,301,473,326,363,357,271,308,460,207,444,365,427,184,369,273,323,346,478,529,306,317,405,285,227,283,366,256,293,381,429,402,353,536,246,428,271,343,330,279,395,312,345,401,214,449,505,305,225,336,227,520,382,368,359,359,350,435,224,352,415,438,428,349,433,407,187,302,467,316,384,255,274,332,338,349,317,242,491,343,302,369,226,412,311,447,308,324,428,305,401,378,158,335,251,411,525,327,310,363,334,209,205,220,366,325,241,506,462,387,309,380,508,502,371,336,217,389,254
134,137,137,164,156,162,156,176,154,144,107,83,79,91,82,88,84,76,81,75,95,78,75,68,67,75,83,88,78,92,86,74,69,74,76,14,16,15,16,16,15,17,14,12,17,16,14,18,15,15,16,15,15,15,16,14,15,16,13,16,15,13,16,17,17,17,15,12,13,16,14,16,16,14,16,14,17,15,17,17,15,14,17,15,14,16,19,11,17,16,17,16,15,15,17,13,16,14,14,13,15,15,16,17,16,14,16,16,16,16,17,659,688,616,656,696,655,595,699,646,703,653,571,673,648,350,304,327,328,376,411,398,317,403,373,395,344,336,374,333,366,373,399,410,371,417,389,330,369,305,347,364,349,360,331,378,340,364,396,354,331,294,385,376,362,348,415,412,376,337,353,377,310,357,387,272,373,294,367,399,369,375,377,356,360,360,404,385,338,390,306,350,386,400,421,385,305,354,388,368,356,370,325,345,363,390,349,395,368,342,359,350,333,373,361,338,348,381,327,393,364,347,396,451,403,355,397,392,352,374,348,379,402,362,357,354,363,298,333,379,391,316,369,412,376,302,388,343,361,414,345,412,383,409,321,394,364,370,353,369,436,376,373,407,312,356,362,390,353,363,353,404,398,378,385,335,394,360,357,374,370,384,361,367,393,344,351,438,357,350,377,334,407,392,394,375,392,387,411,338,363,380,401,412,370,409,359,316,365,402,322,308,305,365,383,374,386,355,307,409,385,365,375,354,332,333,401,367,356,363,368,377,366,334,357,342,378,416,362,374,381,355,314,305,351,387,366,343,419,400,382,362,388,407,406,385,367,349,395,339
195,200,205,255,236,248,238,278,233,212,157,110,100,130,115,125,113,94,111,99,138,100,96,81,91,92,118,124,99,131,129,111,80,93,99,10,12,11,15,12,12,13,13,8,14,14,11,15,11,12,12,12,12,11,14,12,12,12,8,13,11,8,13,14,14,13,12,10,9,13,11,12,13,11,15,11,14,12,14,14,11,10,15,10,10,12,16,9,14,13,14,12,12,13,15,9,13,11,11,11,11,11,12,14,13,10,12,13,13,13,15,735,733,657,675,770,707,615,766,691,765,705,574,716,706,315,322,304,327,370,423,412,328,401,371,390,341,307,370,305,362,358,392,418,350,444,394,338,347,311,332,351,332,338,337,372,318,355,406,325,300,298,370,356,350,337,419,415,379,306,330,360,315,344,376,259,398,300,349,393,358,365,357,336,356,336,405,382,292,391,286,332,387,406,442,373,315,316,381,349,345,349,325,323,334,385,321,391,347,326,344,338,325,378,348,350,332,361,291,383,349,337,396,483,420,344,397,383,328,380,339,383,419,349,336,329,351,306,312,379,380,341,346,424,358,318,379,319,345,425,311,414,376,412,284,383,340,356,353,396,458,356,361,402,306,318,339,384,323,343,362,403,391,371,422,308,396,335,355,359,344,382,344,362,392,311,374,446,339,318,364,306,430,383,384,368,381,375,415,305,359,387,411,411,364,413,368,282,348,417,321,325,291,339,367,360,374,340,287,428,373,347,372,318,353,324,408,351,346,380,348,377,368,289,348,317,383,442,351,355,372,349,285,276,316,374,352,318,433,412,378,343,382,430,426,380,356,315,395,320
267,273,288,380,341,363,343,420,334,295,218,105,88,140,119,134,110,80,113,95,150,91,87,63,90,78,126,129,89,139,147,126,59,82,92,10,13,12,21,12,13,14,17,5,15,17,10,18,9,13,13,12,13,12,16,16,14,13,5,13,9,5,14,17,16,15,12,10,8,14,10,11,13,10,21,12,16,11,16,15,10,9,17,9,8,13,21,9,16,13,15,13,12,16,19,7,13,11,11,14,11,10,12,16,16,9,13,15,14,13,17,785,720,668,626,805,707,670,793,678,893,808,589,809,815,264,350,273,326,359,456,440,343,405,369,394,336,265,372,262,364,343,387,438,322,495,408,359,319,328,315,340,314,300,353,372,292,352,427,287,255,313,362,331,329,322,438,430,381,260,296,337,322,336,364,243,438,315,335,391,350,355,342,310,346,300,411,381,226,403,255,312,403,414,480,366,331,262,379,327,335,316,333,300,296,383,275,395,325,306,324,317,319,388,331,378,314,339,240,375,335,323,406,543,456,335,405,385,287,389,335,398,456,332,308,294,346,325,282,385,370,381,322,449,341,341,368,293,325,443,257,429,371,420,233,376,305,339,350,437,495,331,338,403,295,271,309,374,287,317,371,416,396,360,481,275,412,301,348,344,309,389,327,353,397,260,412,477,322,270,350,264,477,382,376,362,370,362,425,262,355,402,424,420,356,423,388,233,324,443,318,357,273,306,349,347,361,328,265,460,358,323,371,270,384,318,427,328,335,404,325,389,373,220,341,283,397,486,338,331,368,342,245,239,267,369,338,278,471,437,382,324,381,470,465,375,345,264,392,286
313,319,345,474,416,448,419,532,405,349,258,101,78,149,122,142,108,68,115,91,162,84,79,47,90,65,134,134,80,147,163,140,40,71,86,9,12,12,27,12,13,15,21,1,17,20,9,21,7,13,13,11,13,12,18,19,15,13,1,13,7,1,14,19,18,16,12,11,5,16,9,10,13,9,27,13,17,10,18,17,8,8,20,6,5,13,25,8,17,13,16,13,12,20,22,5,13,11,10,17,10,8,11,18,18,7,13,16,16,13,20,866,742,708,615,880,747,706,861,707,996,888,590,879,900,217,378,243,328,346,486,467,357,409,367,398,332,227,373,224,365,330,384,457,294,543,420,377,294,342,300,330,299,264,367,373,268,350,446,253,215,327,356,307,309,308,454,444,385,217,263,316,329,331,353,226,473,329,324,391,344,344,329,284,338,266,417,380,166,413,225,293,417,420,513,360,346,215,375,307,327,285,341,279,262,381,233,400,304,286,306,298,314,397,316,404,299,319,193,367,324,309,416,599,490,326,414,386,248,399,331,413,493,318,283,262,343,343,254,390,360,419,301,473,326,363,357,271,308,460,207,444,365,427,184,369,273,323,346,478,529,306,317,405,285,227,283,366,256,293,381,429,402,353,536,246,428,271,343,330,279,395,312,345,401,214,449,505,305,225,336,227,520,382,368,359,359,350,435,224,352,415,438,428,349,433,407,187,302,467,316,384,255,274,332,338,349,317,242,491,343,302,369,226,412,311,447,308,324,428,305,401,378,158,335,251,411,525,327,310,363,334,209,205,220,366,325,241,506,462,387,309,380,508,502,371,336,217,389,254
111,114,111,127,125,128,126,135,124,119,87,46,44,45,45,43,46,44,41,42,48,43,42,41,38,45,44,44,46,48,42,35,42,44,44,14,16,14,13,15,15,16,12,13,15,15,14,16,14,15,16,15,14,14,14,12,14,15,14,15,14,14,15,15,15,15,15,12,13,14,15,15,16,15,12,13,16,15,15,15,15,14,15,15,14,15,16,11,16,15,15,15,14,13,15,14,16,14,14,12,15,15,15,15,15,14,15,15,15,15,16,603,653,596,643,632,613,553,645,589,596,596,538,605,555,386,295,362,316,371,395,401,298,410,374,402,356,367,394,364,374,401,391,388,386,378,382,337,403,315,364,390,367,381,322,377,363,374,385,383,374,293,398,390,382,364,424,422,375,381,372,398,305,378,402,299,361,284,382,409,392,390,394,389,385,400,410,386,381,375,331,350,367,416,410,398,296,372,390,380,360,377,328,365,392,380,391,401,390,361,360,380,355,357,358,341,365,393,363,397,390,363,411,408,374,368,401,401,395,358,359,379,389,371,390,374,373,295,356,385,405,301,382,408,385,277,403,365,360,405,383,422,385,395,367,407,392,398,375,334,406,399,394,396,327,391,377,394,390,386,368,406,404,383,342,361,385,366,349,391,388,388,378,360,391,390,330,411,385,384,374,365,403,392,398,366,388,403,405,369,355,361,383,407,363,412,355,352,377,378,331,290,333,403,402,399,402,370,318,381,394,386,365,399,303,345,379,378,351,338,389,389,371,380,370,368,379,394,388,404,403,360,343,333,387,399,362,384,388,386,388,379,397,373,372,378,382,384,387,366
134,137,136,162,156,162,157,174,154,146,105,84,77,85,88,82,86,78,74,77,93,76,76,70,73,80,88,82,83,93,84,68,71,80,82,14,16,14,15,15,16,17,15,12,15,17,14,17,14,16,16,16,15,15,15,14,14,17,13,15,14,13,16,16,16,16,15,13,12,15,16,16,17,15,14,13,17,16,16,16,15,14,16,15,14,16,17,12,17,15,16,15,14,16,16,13,17,14,15,14,16,16,14,17,16,14,17,16,16,16,18,646,697,625,666,684,665,606,685,606,662,686,581,662,610,357,312,352,300,347,403,422,289,410,364,403,352,344,402,340,373,400,371,380,361,388,380,354,394,333,354,392,356,351,322,368,348,371,387,362,359,301,393,368,369,355,439,437,367,362,343,384,301,381,394,299,381,285,374,406,397,383,385,381,387,387,412,376,345,362,314,322,358,427,428,392,295,326,379,359,347,341,333,352,370,362,374,402,376,348,331,378,360,345,332,363,355,372,334,383,391,354,423,423,375,363,404,400,380,346,355,387,409,354,382,346,369,306,340,387,399,323,360,419,367,273,395,349,333,405,353,436,374,381,345,402,372,398,381,340,408,383,381,379,320,363,353,380,377,371,381,411,405,369,356,342,385,331,329,380,361,390,368,339,384,369,342,409,382,358,348,342,434,383,385,347,363,394,402,345,336,351,373,403,342,415,365,324,355,374,329,299,331,392,391,398,393,362,298,380,376,371,347,381,303,341,372,357,327,334,376,404,373,342,365,348,386,407,390,398,408,346,322,313,359,395,337,370,390,392,390,369,396,377,377,357,375,356,367,346
196,200,203,251,237,248,240,274,233,215,154,113,95,117,126,112,116,98,98,103,134,96,99,84,103,104,130,111,111,134,125,98,83,105,111,11,13,11,14,11,14,14,13,8,12,15,10,13,9,12,13,13,11,12,12,13,11,14,8,11,9,9,13,13,13,13,12,10,8,12,12,12,13,12,13,11,13,12,12,13,11,11,13,11,10,13,15,10,14,11,12,11,10,15,13,9,14,11,11,13,12,12,10,14,14,10,14,13,13,12,16,713,747,673,689,749,721,631,747,631,706,754,589,696,648,326,333,343,283,325,409,450,284,413,357,401,352,318,414,317,373,400,347,373,336,399,380,378,386,354,344,394,343,323,322,358,329,366,392,336,342,309,382,342,363,348,457,452,365,345,316,372,299,382,388,303,409,286,361,405,400,378,370,375,398,379,416,368,304,347,298,287,343,448,453,384,301,272,367,335,331,304,336,335,347,340,359,402,359,338,299,380,367,334,304,389,343,347,303,369,391,348,439,437,376,356,409,395,372,335,351,394,430,334,373,315,362,318,324,391,391,352,332,435,343,273,390,330,301,410,322,452,362,367,323,394,353,398,396,351,414,367,372,357,319,331,325,368,361,354,405,414,402,356,377,319,382,290,310,370,330,393,356,317,377,350,359,401,378,330,320,317,473,369,370,323,337,386,400,317,314,342,366,396,319,424,380,294,334,372,333,311,335,383,378,398,385,351,273,383,359,359,328,360,309,336,363,336,301,335,359,419,379,300,359,328,394,428,393,393,416,335,297,288,328,386,307,361,388,398,389,355,394,384,381,335,367,327,350,331
268,274,285,372,341,364,347,412,334,300,211,110,82,120,136,114,115,86,93,100,144,85,92,68,109,95,143,109,106,144,141,106,64,99,111,11,13,11,18,11,16,15,18,6,12,20,9,15,6,13,14,14,12,13,13,16,11,16,6,10,6,6,15,14,15,14,13,11,5,13,13,12,14,13,17,11,15,12,13,14,10,10,14,10,9,14,17,11,16,10,12,10,9,19,15,8,16,12,11,17,12,13,8,15,16,9,16,16,15,12,20,756,741,690,647,775,728,693,763,588,802,882,611,778,727,282,368,332,259,289,432,499,275,422,347,412,353,283,437,281,381,409,319,369,299,425,385,418,379,393,333,406,332,278,330,350,310,369,404,306,321,331,380,309,347,340,495,489,360,320,275,355,299,396,381,309,454,293,354,409,415,372,360,368,412,365,429,360,245,334,273,243,333,478,497,384,309,195,356,306,314,247,351,318,315,314,335,412,343,323,256,383,385,319,263,437,333,318,259,353,401,340,471,473,387,353,423,402,353,321,352,415,475,311,367,272,364,342,300,403,387,398,301,466,319,272,386,312,258,420,275,488,348,351,292,394,324,405,416,370,426,348,356,334,314,289,288,353,347,335,438,434,414,339,412,294,390,233,280,361,288,406,345,284,373,320,390,407,381,288,281,282,542,360,353,294,301,380,403,281,287,332,356,397,288,441,406,251,301,374,336,334,339,372,367,408,379,345,242,391,336,341,302,335,314,335,359,307,265,335,343,455,391,238,360,301,414,463,404,391,433,319,264,257,284,387,269,344,401,415,399,343,398,401,396,305,362,282,323,305
313,320,340,463,417,449,425,519,406,356,247,107,70,122,144,115,114,75,89,98,153,76,85,54,115,87,156,108,103,153,155,114,47,93,111,10,14,10,22,10,17,16,22,2,12,24,7,16,2,14,14,15,12,13,13,20,10,18,2,8,2,2,15,14,16,14,14,12,1,14,14,12,15,13,22,11,15,11,14,15,9,9,15,8,7,14,20,12,18,9,12,8,8,24,17,6,18,12,11,21,11,13,6,17,19,8,17,18,17,11,24,826,770,735,643,841,775,734,821,590,878,984,618,839,787,242,401,322,237,256,457,544,266,431,338,421,356,252,459,247,389,417,293,365,265,451,391,456,373,430,323,417,323,235,338,344,292,373,417,278,302,351,380,278,334,332,532,523,355,295,236,340,300,410,375,314,496,300,347,413,431,368,352,362,425,354,440,350,191,322,250,202,325,507,535,383,316,124,347,278,297,194,365,304,286,289,312,423,328,309,215,385,401,306,225,481,322,290,218,338,412,332,502,507,398,349,437,409,336,308,354,435,516,290,361,234,366,366,278,413,384,443,272,495,297,272,381,295,217,429,232,521,336,336,263,392,296,410,434,386,437,330,340,315,308,251,254,337,335,317,468,452,425,324,444,270,398,180,252,354,250,418,336,253,371,292,419,413,384,248,245,251,606,352,339,268,268,373,407,248,261,324,347,399,258,457,431,212,273,375,340,355,342,362,356,416,372,341,215,398,315,327,278,314,320,335,355,279,234,335,328,488,402,181,359,275,434,496,415,388,450,305,234,229,244,389,234,329,413,431,411,333,404,417,411,280,359,241,298,279
134,137,136,162,156,162,157,174,154,146,105,84,77,85,88,82,86,78,74,77,93,76,76,70,73,80,88,82,83,93,84,68,71,80,82,14,16,14,15,15,16,17,15,12,15,17,14,17,14,16,16,16,15,15,15,14,14,17,13,15,14,13,16,16,16,16,15,13,12,15,16,16,17,15,14,13,17,16,16,16,15,14,16,15,14,16,17,12,17,15,16,15,14,16,16,13,17,14,15,14,16,16,14,17,16,14,17,16,16,16,18,646,697,625,666,684,665,606,685,606,662,686,581,662,610,357,312,352,300,347,403,422,289,410,364,403,352,344,402,340,373,400,371,380,361,388,380,354,394,333,354,392,356,351,322,368,348,371,387,362,359,301,393,368,369,355,439,437,367,362,343,384,301,381,394,299,381,285,374,406,397,383,385,381,387,387,412,376,345,362,314,322,358,427,428,392,295,326,379,359,347,341,333,352,370,362,374,402,376,348,331,378,360,345,332,363,355,372,334,383,391,354,423,423,375,363,404,400,380,346,355,387,409,354,382,346,369,306,340,387,399,323,360,419,367,273,395,349,333,405,353,436,374,381,345,402,372,398,381,340,408,383,381,379,320,363,353,380,377,371,381,411,405,369,356,342,385,331,329,380,361,390,368,339,384,369,342,409,382,358,348,342,434,383,385,347,363,394,402,345,336,351,373,403,342,415,365,324,355,374,329,299,331,392,391,398,393,362,298,380,376,371,347,381,303,341,372,357,327,334,376,404,373,342,365,348,386,407,390,398,408,346,322,313,359,395,337,370,390,392,390,369,396,377,377,357,375,356,367,346
196,200,203,251,237,248,240,274,233,215,154,113,95,117,126,112,116,98,98,103,134,96,99,84,103,104,130,111,111,134,125,98,83,105,111,11,13,11,14,11,14,14,13,8,12,15,10,13,9,12,13,13,11,12,12,13,11,14,8,11,9,9,13,13,13,13,12,10,8,12,12,12,13,12,13,11,13,12,12,13,11,11,13,11,10,13,15,10,14,11,12,11,10,15,13,9,14,11,11,13,12,12,10,14,14,10,14,13,13,12,16,713,747,673,689,749,721,631,747,631,706,754,589,696,648,326,333,343,283,325,409,450,284,413,357,401,352,318,414,317,373,400,347,373,336,399,380,378,386,354,344,394,343,323,322,358,329,366,392,336,342,309,382,342,363,348,457,452,365,345,316,372,299,382,388,303,409,286,361,405,400,378,370,375,398,379,416,368,304,347,298,287,343,448,453,384,301,272,367,335,331,304,336,335,347,340,359,402,359,338,299,380,367,334,304,389,343,347,303,369,391,348,439,437,376,356,409,395,372,335,351,394,430,334,373,315,362,318,324,391,391,352,332,435,343,273,390,330,301,410,322,452,362,367,323,394,353,398,396,351,414,367,372,357,319,331,325,368,361,354,405,414,402,356,377,319,382,290,310,370,330,393,356,317,377,350,359,401,378,330,320,317,473,369,370,323,337,386,400,317,314,342,366,396,319,424,380,294,334,372,333,311,335,383,378,398,385,351,273,383,359,359,328,360,309,336,363,336,301,335,359,419,379,300,359,328,394,428,393,393,416,335,297,288,328,386,307,361,388,398,389,355,394,384,381,335,367,327,350,331
268,274,285,372,341,364,347,412,334,300,211,110,82,120,136,114,115,86,93,100,144,85,92,68,109,95,143,109,106,144,141,106,64,99,111,11,13,11,18,11,16,15,18,6,12,20,9,15,6,13,14,14,12,13,13,16,11,16,6,10,6,6,15,14,15,14,13,11,5,13,13,12,14,13,17,11,15,12,13,14,10,10,14,10,9,14,17,11,16,10,12,10,9,19,15,8,16,12,11,17,12,13,8,15,16,9,16,16,15,12,20,756,741,690,647,775,728,693,763,588,802,882,611,778,727,282,368,332,259,289,432,499,275,422,347,412,353,283,437,281,381,409,319,369,299,425,385,418,379,393,333,406,332,278,330,350,310,369,404,306,321,331,380,309,347,340,495,489,360,320,275,355,299,396,381,309,454,293,354,409,415,372,360,368,412,365,429,360,245,334,273,243,333,478,497,384,309,195,356,306,314,247,351,318,315,314,335,412,343,323,256,383,385,319,263,437,333,318,259,353,401,340,471,473,387,353,423,402,353,321,352,415,475,311,367,272,364,342,300,403,387,398,301,466,319,272,386,312,258,420,275,488,348,351,292,394,324,405,416,370,426,348,356,334,314,289,288,353,347,335,438,434,414,339,412,294,390,233,280,361,288,406,345,284,373,320,390,407,381,288,281,282,542,360,353,294,301,380,403,281,287,332,356,397,288,441,406,251,301,374,336,334,339,372,367,408,379,345,242,391,336,341,302,335,314,335,359,307,265,335,343,455,391,238,360,301,414,463,404,391,433,319,264,257,284,387,269,344,401,415,399,343,398,401,396,305,362,282,323,305
313,320,340,463,417,449,425,519,406,356,247,107,70,122,144,115,114,75,89,98,153,76,85,54,115,87,156,108,103,153,155,114,47,93,111,10,14,10,22,10,17,16,22,2,12,24,7,16,2,14,14,15,12,13,13,20,10,18,2,8,2,2,15,14,16,14,14,12,1,14,14,12,15,13,22,11,15,11,14,15,9,9,15,8,7,14,20,12,18,9,12,8,8,24,17,6,18,12,11,21,11,13,6,17,19,8,17,18,17,11,24,826,770,735,643,841,775,734,821,590,878,984,618,839,787,242,401,322,237,256,457,544,266,431,338,421,356,252,459,247,389,417,293,365,265,451,391,456,373,430,323,417,323,235,338,344,292,373,417,278,302,351,380,278,334,332,532,523,355,295,236,340,300,410,375,314,496,300,347,413,431,368,352,362,425,354,440,350,191,322,250,202,325,507,535,383,316,124,347,278,297,194,365,304,286,289,312,423,328,309,215,385,401,306,225,481,322,290,218,338,412,332,502,507,398,349,437,409,336,308,354,435,516,290,361,234,366,366,278,413,384,443,272,495,297,272,381,295,217,429,232,521,336,336,263,392,296,410,434,386,437,330,340,315,308,251,254,337,335,317,468,452,425,324,444,270,398,180,252,354,250,418,336,253,371,292,419,413,384,248,245,251,606,352,339,268,268,373,407,248,261,324,347,399,258,457,431,212,273,375,340,355,342,362,356,416,372,341,215,398,315,327,278,314,320,335,355,279,234,335,328,488,402,181,359,275,434,496,415,388,450,305,234,229,244,389,234,329,413,431,411,333,404,417,411,280,359,241,298,279
112,115,112,128,126,129,128,136,125,121,88,46,44,45,46,43,46,44,41,42,48,43,42,41,37,46,46,44,47,48,41,34,42,45,43,14,16,14,13,15,15,16,12,13,15,16,14,16,14,15,16,16,14,14,14,12,14,16,14,15,14,14,15,15,15,15,15,12,13,14,15,15,16,15,12,13,16,15,15,15,15,14,15,15,14,15,15,12,16,14,15,14,14,13,15,14,16,14,14,12,15,15,15,15,15,14,16,15,15,15,16,599,656,597,644,633,614,553,642,588,595,613,539,603,555,385,294,374,314,370,392,414,296,410,372,401,355,366,391,363,373,399,390,387,384,377,379,348,415,311,364,387,366,378,319,375,362,373,383,383,372,291,397,388,381,363,437,435,371,392,368,397,301,391,402,295,361,282,382,409,390,390,394,402,382,397,410,384,381,373,330,348,366,414,410,397,291,371,388,377,359,376,327,365,391,380,404,401,389,360,358,378,352,356,358,353,364,391,362,395,388,362,408,407,372,368,401,401,392,357,359,379,389,369,402,371,373,293,356,384,405,300,380,408,383,275,403,364,359,403,382,436,383,394,378,407,392,396,372,333,405,397,394,395,325,390,375,393,402,386,365,405,404,381,339,360,384,366,348,390,386,388,378,359,389,402,327,411,398,385,371,364,400,390,397,365,387,403,403,367,353,360,382,406,362,412,355,351,375,376,330,287,330,400,402,412,401,369,316,380,391,385,364,397,301,345,378,375,350,337,389,387,371,379,369,367,378,391,386,417,400,357,343,332,387,399,361,382,387,385,388,379,397,372,372,377,381,385,386,365
137,140,139,165,159,165,162,177,157,148,107,84,76,84,93,81,86,78,74,76,92,75,76,70,72,85,93,82,88,94,83,67,70,84,81,14,16,14,15,15,16,17,14,12,15,18,14,17,13,16,16,17,14,15,15,14,14,18,13,15,13,13,16,16,16,16,15,13,12,15,15,16,16,16,14,13,16,16,16,16,15,14,16,15,14,16,17,13,17,15,16,14,14,16,16,13,17,14,14,15,16,16,14,16,16,14,18,16,16,16,19,643,701,627,668,681,667,606,683,607,663,723,581,659,610,356,309,374,296,345,399,447,286,410,359,403,351,343,398,338,373,396,369,379,357,387,376,377,418,327,352,386,355,348,317,364,347,370,383,361,354,299,392,363,369,354,464,461,362,385,339,383,295,405,393,293,380,278,373,406,392,382,384,404,383,382,412,372,344,359,311,318,355,424,428,392,290,324,375,354,342,339,330,351,370,359,396,401,376,347,328,372,354,343,329,385,354,368,333,380,387,353,419,422,374,361,404,399,375,343,354,386,408,350,405,341,369,302,338,386,399,321,356,420,363,269,395,348,329,403,351,461,370,378,368,402,370,394,377,337,407,383,380,377,317,363,348,376,401,369,376,411,405,365,353,341,381,329,325,380,356,390,367,335,380,392,337,408,404,357,345,340,431,379,381,344,362,393,398,343,332,348,371,400,340,416,365,322,351,372,328,293,325,388,390,422,393,361,291,378,372,371,344,376,299,339,369,353,325,332,375,400,373,340,364,347,385,404,385,421,404,342,320,310,358,394,334,366,388,388,390,368,395,376,375,355,374,355,365,345
202,207,209,260,245,257,251,283,241,222,159,113,93,117,137,112,116,97,97,102,133,94,98,83,101,114,141,110,121,135,124,97,82,115,109,11,13,10,13,11,13,14,13,8,12,17,10,13,9,12,13,14,11,12,12,12,10,15,8,11,9,8,13,12,13,13,12,10,7,12,12,12,13,13,13,10,13,12,12,13,11,10,13,11,10,13,15,11,14,11,12,10,10,14,13,9,14,11,11,14,12,12,10,13,14,10,15,13,13,12,17,712,755,675,695,751,730,635,747,631,710,812,591,697,652,324,331,378,276,320,404,490,278,413,349,400,350,314,407,313,372,394,343,370,329,397,374,413,422,345,341,387,341,315,315,352,326,364,386,333,334,306,381,334,360,346,497,492,358,380,308,370,290,419,387,292,409,276,359,404,394,377,367,411,391,372,416,362,299,343,294,281,338,444,455,383,292,265,359,328,323,298,334,331,344,335,394,401,357,335,294,373,360,329,298,425,341,340,299,362,384,346,434,438,373,353,407,395,364,330,348,394,431,326,410,307,361,314,321,390,390,349,324,435,336,266,389,328,295,406,319,491,355,364,358,394,350,391,389,347,412,365,371,354,314,328,316,362,397,352,399,416,402,349,374,316,376,284,304,370,321,392,354,312,372,385,352,399,414,327,315,315,469,361,362,319,333,385,394,314,308,338,362,391,314,424,378,290,326,369,329,303,326,375,377,435,384,349,263,380,351,357,323,352,303,334,360,328,295,330,357,414,379,295,358,326,393,423,386,430,410,327,292,283,324,385,302,354,386,392,388,352,392,382,378,331,364,324,347,328
281,288,299,392,359,384,371,435,352,315,222,110,78,119,154,113,115,84,91,99,143,81,90,65,106,111,162,108,123,146,140,105,61,115,108,10,13,10,18,10,15,15,17,5,12,22,8,15,5,13,13,17,11,12,12,16,10,18,5,9,5,5,14,13,14,13,13,11,4,13,13,12,14,15,17,10,14,12,13,14,10,10,14,9,8,14,17,14,16,9,12,9,9,19,15,7,16,12,11,19,11,12,8,15,16,9,18,15,15,11,23,759,755,701,654,781,741,701,768,588,815,981,617,784,737,274,367,387,247,279,427,564,264,424,336,411,351,276,429,272,380,399,310,363,285,424,376,478,437,383,328,396,328,261,317,339,303,366,397,299,306,326,379,295,344,336,560,553,349,373,258,351,285,454,381,293,457,278,350,409,406,370,357,425,402,353,429,348,235,327,265,231,326,473,502,382,296,178,345,291,300,234,348,313,310,306,390,413,338,317,243,371,375,311,252,498,328,303,250,342,392,336,466,475,384,349,423,402,340,312,350,416,478,297,425,256,361,339,293,402,386,398,287,469,306,261,384,306,246,413,266,552,336,344,344,393,318,394,406,364,424,344,353,327,308,282,272,341,403,331,429,436,414,327,409,286,381,219,270,358,273,406,341,275,364,373,381,404,438,280,270,276,540,349,342,284,292,377,395,273,276,325,350,388,278,442,406,241,288,369,332,322,326,360,364,467,377,341,225,387,323,338,292,322,306,331,353,292,254,328,339,447,390,228,357,295,414,458,394,448,425,306,254,248,277,386,258,331,399,407,399,339,398,398,392,297,360,274,316,298
332,339,358,479,434,466,449,535,424,373,267,106,66,120,163,113,113,74,87,96,148,72,84,53,110,107,175,105,122,151,150,112,46,113,106,10,13,9,22,10,17,16,22,2,12,27,7,16,2,14,14,19,11,13,12,20,10,21,2,8,2,2,15,14,15,13,13,12,1,13,13,11,15,17,21,11,15,11,13,14,9,9,15,8,7,14,20,16,18,8,11,8,7,23,17,6,17,12,11,25,11,12,6,16,18,8,21,18,17,11,28,828,783,750,659,841,788,748,821,601,886,1086,632,840,795,239,396,391,229,250,441,612,260,426,325,416,351,249,443,244,384,400,286,358,253,443,376,523,443,413,320,400,319,223,324,330,289,369,403,275,287,346,375,265,330,328,599,590,342,365,223,336,286,478,372,299,491,286,343,409,414,364,348,432,407,337,435,337,187,315,247,197,318,489,530,379,303,120,334,265,285,189,361,300,282,284,382,418,324,306,209,368,386,299,218,549,318,277,215,324,394,329,485,498,391,345,431,404,319,301,350,430,509,276,430,221,361,362,275,408,380,436,259,489,283,265,377,291,211,414,227,589,322,328,334,388,293,394,416,378,429,327,337,308,305,248,241,322,404,314,450,447,420,310,436,267,384,175,246,350,237,413,332,247,357,362,404,405,453,246,239,248,586,339,325,261,262,368,392,246,255,317,339,385,252,451,425,209,260,368,335,341,326,345,351,484,368,336,201,391,302,322,272,298,313,331,348,266,227,329,324,471,396,179,355,272,429,480,398,457,433,292,231,227,241,384,228,312,406,417,406,329,399,409,402,273,355,238,291,275
137,140,139,164,158,164,161,176,157,148,109,84,76,84,92,81,85,78,74,77,92,75,76,70,72,85,92,81,88,93,83,68,71,84,80,14,16,14,15,15,16,17,15,13,15,18,14,17,14,16,16,17,14,15,15,14,14,18,13,15,14,13,16,16,16,16,15,13,12,15,15,16,16,16,14,13,16,16,16,16,15,14,16,15,14,16,17,13,17,15,16,15,14,16,16,13,17,14,15,15,16,16,14,16,16,14,18,16,16,16,19,644,699,630,669,680,668,608,682,610,662,717,584,656,611,357,313,373,299,346,397,443,290,408,360,401,352,344,396,340,372,395,369,379,357,386,375,376,415,329,353,385,356,348,320,364,348,370,383,361,355,302,391,363,369,355,459,456,363,383,340,382,298,403,392,296,380,283,372,404,391,381,383,402,382,382,409,372,345,360,313,321,356,421,426,390,294,325,374,356,343,340,333,352,370,360,396,399,375,348,331,372,355,344,331,384,354,368,334,379,386,354,417,419,373,361,402,397,375,344,355,385,406,350,402,342,368,306,340,385,397,323,356,416,363,274,394,350,331,401,352,456,370,378,367,400,370,392,376,339,404,381,379,376,320,363,349,376,399,369,376,408,403,365,354,342,380,331,328,379,356,389,367,337,380,390,338,405,402,357,346,342,428,378,380,346,362,392,397,344,334,349,371,398,341,414,365,325,352,372,330,297,327,387,389,419,391,361,295,377,372,371,345,376,303,341,369,354,327,334,375,398,373,342,364,348,384,402,384,418,402,344,322,314,358,393,335,366,388,387,388,368,393,375,374,355,374,356,365,346
202,206,209,256,242,253,248,278,239,221,161,112,94,116,135,111,115,98,97,102,131,94,99,84,101,113,139,110,120,133,123,97,83,114,109,11,13,11,13,11,13,14,13,8,12,17,10,13,9,12,13,14,11,12,12,13,11,15,9,11,9,9,13,13,13,13,12,10,8,12,12,12,13,13,13,10,13,12,12,13,11,11,13,11,10,13,14,11,14,11,12,11,10,14,13,10,14,11,11,14,12,12,10,13,14,10,15,13,13,12,17,713,751,679,694,748,727,636,744,637,706,802,594,693,651,326,333,377,281,323,401,482,282,410,350,398,350,318,404,315,371,392,344,370,331,395,374,410,419,346,343,385,342,318,317,352,328,364,385,335,335,310,380,336,360,347,488,484,357,379,311,370,295,415,385,296,406,281,358,401,391,375,368,408,389,371,413,362,303,345,298,286,340,439,449,382,296,270,359,330,326,302,335,334,345,337,392,399,357,337,298,372,360,331,302,421,342,341,303,363,383,348,429,432,372,355,405,392,364,332,350,392,427,328,407,310,360,317,323,388,388,350,327,430,337,272,387,330,299,403,321,483,355,364,358,392,351,390,388,348,408,364,371,354,317,329,319,362,395,353,396,412,399,350,374,318,376,289,308,369,324,390,354,316,371,383,353,397,411,329,318,318,462,361,362,320,334,383,393,317,312,340,362,389,318,420,377,293,328,368,331,307,327,374,376,430,382,350,270,379,352,356,325,353,306,335,359,330,299,331,357,410,378,300,358,328,390,419,385,425,407,329,296,288,327,384,306,354,385,391,387,353,390,380,377,333,365,326,348,330
280,286,296,382,352,375,363,422,345,311,225,109,79,118,150,112,114,85,92,99,140,82,91,68,106,110,157,107,121,142,137,105,64,114,108,11,13,10,17,11,15,15,17,6,12,22,9,15,6,13,13,17,11,13,12,16,11,18,6,10,6,6,14,13,14,13,13,11,5,13,13,12,14,15,17,11,14,12,13,14,10,10,14,10,9,14,17,14,16,10,12,10,9,19,15,8,16,12,11,19,12,12,8,15,16,9,18,16,15,12,22,754,750,699,657,773,739,701,762,596,806,959,622,777,732,280,365,385,255,285,422,549,271,418,337,406,351,282,423,278,378,396,314,363,290,420,375,469,431,381,330,393,329,269,321,340,307,367,394,304,311,329,377,300,344,337,545,539,349,371,266,352,290,447,378,297,449,284,350,405,402,369,357,420,399,353,424,349,243,329,272,240,328,465,491,380,300,192,346,296,304,243,349,316,313,309,387,409,340,321,252,370,373,315,259,487,330,308,257,343,389,338,457,466,381,350,419,399,341,316,350,411,469,301,419,264,361,340,297,399,384,394,292,461,309,268,383,309,253,409,273,538,338,345,345,390,321,391,402,364,419,345,353,329,311,287,278,342,400,332,424,430,410,329,405,291,379,229,277,358,278,402,342,280,363,371,379,401,432,285,277,282,526,349,343,289,296,377,392,279,282,328,350,386,284,436,402,250,293,368,333,324,327,360,364,457,374,342,235,385,326,339,297,324,310,333,353,297,262,330,340,441,388,237,356,299,410,450,391,441,419,310,262,256,282,384,265,332,395,404,396,340,394,395,390,302,360,280,318,302
332,339,358,479,434,466,449,535,424,373,267,106,66,120,163,113,113,74,87,96,148,72,84,53,110,107,175,105,122,151,150,112,46,113,106,10,13,9,22,10,17,16,22,2,12,27,7,16,2,14,14,19,11,13,12,20,10,21,2,8,2,2,15,14,15,13,13,12,1,13,13,11,15,17,21,11,15,11,13,14,9,9,15,8,7,14,20,16,18,8,11,8,7,23,17,6,17,12,11,25,11,12,6,16,18,8,21,18,17,11,28,828,783,750,659,841,788,748,821,601,886,1086,632,840,795,239,396,391,229,250,441,612,260,426,325,416,351,249,443,244,384,400,286,358,253,443,376,523,443,413,320,400,319,223,324,330,289,369,403,275,287,346,375,265,330,328,599,590,342,365,223,336,286,478,372,299,491,286,343,409,414,364,348,432,407,337,435,337,187,315,247,197,318,489,530,379,303,120,334,265,285,189,361,300,282,284,382,418,324,306,209,368,386,299,218,549,318,277,215,324,394,329,485,498,391,345,431,404,319,301,350,430,509,276,430,221,361,362,275,408,380,436,259,489,283,265,377,291,211,414,227,589,322,328,334,388,293,394,416,378,429,327,337,308,305,248,241,322,404,314,450,447,420,310,436,267,384,175,246,350,237,413,332,247,357,362,404,405,453,246,239,248,586,339,325,261,262,368,392,246,255,317,339,385,252,451,425,209,260,368,335,341,326,345,351,484,368,336,201,391,302,322,272,298,313,331,348,266,227,329,324,471,396,179,355,272,429,480,398,457,433,292,231,227,241,384,228,312,406,417,406,329,399,409,402,273,355,238,291,275
111,114,112,127,125,127,125,134,124,119,89,45,45,46,44,44,46,44,42,41,48,44,42,41,37,44,43,45,44,47,43,36,42,43,42,14,15,14,13,15,15,16,12,13,15,15,14,16,15,15,15,15,14,14,15,12,14,15,14,15,15,14,15,15,16,16,15,12,13,15,14,15,15,14,13,13,16,15,15,16,15,14,15,15,14,15,16,11,16,15,15,15,14,13,15,14,15,14,14,11,15,15,15,16,15,14,15,14,15,16,15,615,648,593,638,645,610,549,654,600,604,579,536,614,565,383,297,351,327,379,403,389,309,406,383,398,354,364,381,362,370,387,397,395,395,385,391,328,390,307,362,377,364,389,334,387,361,371,393,380,363,295,394,399,379,362,411,408,384,369,381,394,317,367,397,292,358,299,379,404,380,387,390,377,373,386,405,395,378,382,330,358,375,402,405,394,308,380,398,388,371,384,327,363,388,388,380,396,386,359,368,368,345,365,367,331,362,401,361,405,377,361,396,414,380,366,396,397,382,366,357,376,386,380,378,383,370,296,355,382,401,302,391,402,394,289,398,362,368,413,380,409,394,400,356,402,388,386,363,343,411,394,390,401,326,386,386,403,378,383,357,401,399,392,350,359,394,375,358,387,396,385,375,369,400,378,341,417,373,382,380,363,389,400,406,374,393,399,412,365,363,369,390,415,371,407,353,350,386,385,330,304,324,389,398,386,398,367,331,388,402,382,373,386,315,344,386,387,360,348,386,378,369,376,366,365,376,402,376,392,390,369,342,332,384,394,370,372,395,396,385,376,394,381,380,385,378,382,394,363
134,137,137,161,155,160,155,172,153,144,108,83,80,87,83,84,84,77,78,76,96,80,75,69,69,76,83,84,79,91,87,71,70,75,77,14,16,15,16,16,15,17,14,12,16,16,15,17,14,15,16,15,15,15,16,14,15,16,13,16,14,13,16,17,17,17,15,13,13,16,15,16,16,15,15,14,17,16,16,17,15,14,17,15,14,16,18,12,17,15,16,15,15,15,17,13,16,14,14,13,15,15,15,17,16,14,16,16,16,17,17,669,687,618,657,705,658,598,706,629,679,654,575,682,627,353,309,331,317,361,417,400,307,403,381,395,348,340,379,336,368,377,384,393,379,400,396,335,372,314,348,369,351,369,342,385,344,365,402,357,338,299,385,384,363,351,415,412,384,342,362,377,321,360,386,282,375,306,369,398,373,376,378,359,365,365,404,392,341,376,311,337,371,403,419,385,318,342,396,376,365,356,329,347,365,376,353,394,370,344,346,356,339,359,348,343,350,389,331,399,368,350,399,432,388,358,396,392,358,361,351,380,400,371,360,364,364,304,336,380,391,320,378,411,384,292,389,346,348,420,348,413,390,393,327,393,366,375,359,355,419,376,374,391,317,358,371,396,357,365,360,403,397,386,370,339,401,346,344,374,378,384,362,353,400,349,360,420,360,353,362,338,409,399,400,361,377,388,417,340,351,365,387,418,357,407,360,321,373,387,326,320,313,370,384,376,386,357,319,393,392,366,361,359,320,336,385,374,344,350,370,381,368,338,360,344,378,422,367,375,385,365,318,310,355,388,352,349,402,407,383,363,388,390,389,371,369,352,380,343
194,198,203,248,232,243,233,269,229,210,157,110,104,123,116,118,113,96,105,100,139,104,97,83,94,94,119,116,101,130,131,105,82,95,101,11,13,12,14,13,12,13,13,8,13,14,11,14,10,12,13,12,13,12,13,12,12,13,8,12,10,9,13,13,14,14,12,10,9,13,11,12,13,11,14,12,14,12,13,14,11,11,14,11,10,13,15,9,14,12,13,12,11,13,14,9,13,11,11,12,12,11,11,15,13,10,13,13,13,13,15,746,732,662,678,778,708,620,778,663,727,704,580,727,674,321,328,313,308,348,432,413,309,400,383,389,344,312,377,311,364,365,369,394,364,417,405,345,352,322,336,359,336,352,351,385,323,358,416,330,312,304,372,370,354,340,419,415,390,314,346,362,331,349,377,274,397,317,352,393,365,367,361,343,363,346,405,394,299,369,294,313,364,410,439,373,331,298,392,363,360,329,330,327,339,362,327,391,350,331,324,347,335,356,328,355,336,374,299,394,357,341,401,453,395,348,397,384,339,358,344,384,417,362,342,345,354,312,318,381,381,345,360,422,370,300,380,324,326,433,317,414,388,387,294,384,344,363,361,372,431,358,362,378,313,324,353,395,330,346,369,402,391,382,396,314,408,316,334,361,358,382,348,341,402,319,386,419,345,324,344,313,432,394,395,346,359,376,424,311,337,364,386,420,343,411,370,290,361,392,326,341,304,348,369,364,375,344,305,402,385,350,351,328,333,329,384,364,326,357,351,383,370,296,351,323,384,449,358,359,379,363,293,284,322,376,332,329,407,422,379,347,383,403,400,358,358,321,372,325
263,269,283,363,330,351,332,400,324,289,215,106,95,127,119,122,110,83,103,97,152,98,89,68,95,82,126,117,92,137,149,115,63,85,96,11,13,13,19,13,13,15,17,6,14,17,12,16,8,13,13,12,14,12,14,16,13,14,6,12,8,6,14,15,17,16,13,11,7,15,11,12,14,11,19,13,17,12,15,16,10,10,16,10,9,13,19,10,16,12,14,12,11,17,17,8,14,12,11,15,11,11,10,17,16,9,14,15,15,14,18,799,716,670,631,817,707,671,806,633,830,802,599,820,760,276,356,287,298,326,466,440,313,405,388,395,341,277,381,274,366,355,353,400,344,451,423,366,330,341,323,352,322,324,372,391,300,355,440,297,275,320,365,353,336,329,437,431,399,275,321,343,344,345,367,264,434,338,341,392,361,358,347,319,358,315,410,399,241,367,268,284,367,419,472,369,352,239,396,349,357,287,339,309,306,349,289,395,330,313,294,332,334,354,302,382,322,360,254,393,348,329,413,495,416,341,404,385,304,355,341,398,452,355,319,320,351,331,292,386,372,383,346,444,362,311,370,303,296,455,269,430,389,383,250,378,313,351,362,399,452,336,343,368,304,282,333,393,301,324,382,415,396,380,438,286,428,274,317,349,333,389,334,322,412,276,428,434,331,281,319,277,478,400,394,330,336,365,439,274,324,366,387,434,326,420,389,247,346,404,326,376,291,321,353,355,364,334,291,420,377,330,339,288,349,324,391,350,305,368,332,398,375,236,346,293,397,494,352,341,378,363,259,253,278,372,308,297,429,451,384,331,383,429,423,342,350,276,357,296
305,312,337,446,398,428,402,498,389,339,252,102,88,132,122,126,108,73,102,93,163,93,82,54,95,71,133,119,85,144,165,124,47,76,92,10,13,14,24,14,14,16,21,3,15,20,11,18,6,14,13,12,15,13,15,19,13,14,3,11,6,3,15,17,19,17,13,12,5,17,11,11,14,10,24,15,18,11,16,18,9,9,17,8,7,14,22,10,17,12,14,12,11,20,20,6,15,12,11,18,11,10,9,20,18,8,14,17,16,15,20,876,739,709,625,889,743,708,871,648,909,875,601,888,822,235,380,264,288,307,498,465,316,408,392,399,338,245,386,241,369,347,339,405,326,482,439,384,309,359,309,347,309,299,391,396,280,354,463,269,243,334,360,338,319,318,453,444,408,239,298,324,358,341,357,255,466,357,331,391,359,350,335,300,353,290,414,404,189,366,243,258,370,428,503,364,372,186,399,338,355,251,347,292,276,337,254,399,314,298,270,318,333,352,278,407,310,348,215,392,341,319,424,534,435,334,412,388,274,353,338,410,483,348,299,297,349,349,268,391,365,417,332,465,354,321,362,284,271,475,226,443,390,378,210,372,286,341,363,423,470,316,325,359,296,245,315,391,274,304,392,426,402,379,477,261,445,237,303,336,313,396,321,304,422,236,464,448,320,242,297,244,518,405,393,317,318,355,454,243,310,367,388,446,310,429,407,209,334,414,325,408,280,297,339,348,354,324,280,435,370,312,326,254,364,321,396,338,286,379,315,411,380,182,342,267,409,535,345,323,377,363,229,225,238,369,286,267,449,476,388,317,383,452,445,328,342,235,344,270
134,137,137,161,155,160,155,172,153,144,108,83,80,87,83,84,84,77,78,76,96,80,75,69,69,76,83,84,79,91,87,71,70,75,77,14,16,15,16,16,15,17,14,12,16,16,15,17,14,15,16,15,15,15,16,14,15,16,13,16,14,13,16,17,17,17,15,13,13,16,15,16,16,15,15,14,17,16,16,17,15,14,17,15,14,16,18,12,17,15,16,15,15,15,17,13,16,14,14,13,15,15,15,17,16,14,16,16,16,17,17,669,687,618,657,705,658,598,706,629,679,654,575,682,627,353,309,331,317,361,417,400,307,403,381,395,348,340,379,336,368,377,384,393,379,400,396,335,372,314,348,369,351,369,342,385,344,365,402,357,338,299,385,384,363,351,415,412,384,342,362,377,321,360,386,282,375,306,369,398,373,376,378,359,365,365,404,392,341,376,311,337,371,403,419,385,318,342,396,376,365,356,329,347,365,376,353,394,370,344,346,356,339,359,348,343,350,389,331,399,368,350,399,432,388,358,396,392,358,361,351,380,400,371,360,364,364,304,336,380,391,320,378,411,384,292,389,346,348,420,348,413,390,393,327,393,366,375,359,355,419,376,374,391,317,358,371,396,357,365,360,403,397,386,370,339,401,346,344,374,378,384,362,353,400,349,360,420,360,353,362,338,409,399,400,361,377,388,417,340,351,365,387,418,357,407,360,321,373,387,326,320,313,370,384,376,386,357,319,393,392,366,361,359,320,336,385,374,344,350,370,381,368,338,360,344,378,422,367,375,385,365,318,310,355,388,352,349,402,407,383,363,388,390,389,371,369,352,380,343
194,198,203,248,232,243,233,269,229,210,157,110,104,123,116,118,113,96,105,100,139,104,97,83,94,94,119,116,101,130,131,105,82,95,101,11,13,12,14,13,12,13,13,8,13,14,11,14,10,12,13,12,13,12,13,12,12,13,8,12,10,9,13,13,14,14,12,10,9,13,11,12,13,11,14,12,14,12,13,14,11,11,14,11,10,13,15,9,14,12,13,12,11,13,14,9,13,11,11,12,12,11,11,15,13,10,13,13,13,13,15,746,732,662,678,778,708,620,778,663,727,704,580,727,674,321,328,313,308,348,432,413,309,400,383,389,344,312,377,311,364,365,369,394,364,417,405,345,352,322,336,359,336,352,351,385,323,358,416,330,312,304,372,370,354,340,419,415,390,314,346,362,331,349,377,274,397,317,352,393,365,367,361,343,363,346,405,394,299,369,294,313,364,410,439,373,331,298,392,363,360,329,330,327,339,362,327,391,350,331,324,347,335,356,328,355,336,374,299,394,357,341,401,453,395,348,397,384,339,358,344,384,417,362,342,345,354,312,318,381,381,345,360,422,370,300,380,324,326,433,317,414,388,387,294,384,344,363,361,372,431,358,362,378,313,324,353,395,330,346,369,402,391,382,396,314,408,316,334,361,358,382,348,341,402,319,386,419,345,324,344,313,432,394,395,346,359,376,424,311,337,364,386,420,343,411,370,290,361,392,326,341,304,348,369,364,375,344,305,402,385,350,351,328,333,329,384,364,326,357,351,383,370,296,351,323,384,449,358,359,379,363,293,284,322,376,332,329,407,422,379,347,383,403,400,358,358,321,372,325
263,269,283,363,330,351,332,400,324,289,215,106,95,127,119,122,110,83,103,97,152,98,89,68,95,82,126,117,92,137,149,115,63,85,96,11,13,13,19,13,13,15,17,6,14,17,12,16,8,13,13,12,14,12,14,16,13,14,6,12,8,6,14,15,17,16,13,11,7,15,11,12,14,11,19,13,17,12,15,16,10,10,16,10,9,13,19,10,16,12,14,12,11,17,17,8,14,12,11,15,11,11,10,17,16,9,14,15,15,14,18,799,716,670,631,817,707,671,806,633,830,802,599,820,760,276,356,287,298,326,466,440,313,405,388,395,341,277,381,274,366,355,353,400,344,451,423,366,330,341,323,352,322,324,372,391,300,355,440,297,275,320,365,353,336,329,437,431,399,275,321,343,344,345,367,264,434,338,341,392,361,358,347,319,358,315,410,399,241,367,268,284,367,419,472,369,352,239,396,349,357,287,339,309,306,349,289,395,330,313,294,332,334,354,302,382,322,360,254,393,348,329,413,495,416,341,404,385,304,355,341,398,452,355,319,320,351,331,292,386,372,383,346,444,362,311,370,303,296,455,269,430,389,383,250,378,313,351,362,399,452,336,343,368,304,282,333,393,301,324,382,415,396,380,438,286,428,274,317,349,333,389,334,322,412,276,428,434,331,281,319,277,478,400,394,330,336,365,439,274,324,366,387,434,326,420,389,247,346,404,326,376,291,321,353,355,364,334,291,420,377,330,339,288,349,324,391,350,305,368,332,398,375,236,346,293,397,494,352,341,378,363,259,253,278,372,308,297,429,451,384,331,383,429,423,342,350,276,357,296
305,312,337,446,398,428,402,498,389,339,252,102,88,132,122,126,108,73,102,93,163,93,82,54,95,71,133,119,85,144,165,124,47,76,92,10,13,14,24,14,14,16,21,3,15,20,11,18,6,14,13,12,15,13,15,19,13,14,3,11,6,3,15,17,19,17,13,12,5,17,11,11,14,10,24,15,18,11,16,18,9,9,17,8,7,14,22,10,17,12,14,12,11,20,20,6,15,12,11,18,11,10,9,20,18,8,14,17,16,15,20,876,739,709,625,889,743,708,871,648,909,875,601,888,822,235,380,264,288,307,498,465,316,408,392,399,338,245,386,241,369,347,339,405,326,482,439,384,309,359,309,347,309,299,391,396,280,354,463,269,243,334,360,338,319,318,453,444,408,239,298,324,358,341,357,255,466,357,331,391,359,350,335,300,353,290,414,404,189,366,243,258,370,428,503,364,372,186,399,338,355,251,347,292,276,337,254,399,314,298,270,318,333,352,278,407,310,348,215,392,341,319,424,534,435,334,412,388,274,353,338,410,483,348,299,297,349,349,268,391,365,417,332,465,354,321,362,284,271,475,226,443,390,378,210,372,286,341,363,423,470,316,325,359,296,245,315,391,274,304,392,426,402,379,477,261,445,237,303,336,313,396,321,304,422,236,464,448,320,242,297,244,518,405,393,317,318,355,454,243,310,367,388,446,310,429,407,209,334,414,325,408,280,297,339,348,354,324,280,435,370,312,326,254,364,321,396,338,286,379,315,411,380,182,342,267,409,535,345,323,377,363,229,225,238,369,286,267,449,476,388,317,383,452,445,328,342,235,344,270
