type,zipx,zipy,quality,annual_cost,wait,negotiation_coeff,self_coeff,services
0,71,-50,9,5.67503e+06,0,0,3.11,0,0,0,0,0,1.11,0,0,0,0,0,2.08,0,0,0,0,0,1,0,0,0
0,71,-50,9,5.67503e+06,0,0,3.02,0,0,0,0,0,1.11,0,0,0,0,0,2.1,0,0,0,0,0,1,0,0,0
0,0,0,9,5.62391e+06,0,0,3.2,0,0,0,0,0,1.1,0,0,0,0,0,2.13,0,0,0,0,0,1,0,0,0
0,-80,99,8,4.95926e+06,0,0,2.2,0,0,0,0,0,0.97,0,0,0,0,0,2.06,0,0,0,0,0,1,0,0,0
0,0,0,10,5.67503e+06,0,0,3.13,0,0,0,0,0,1.11,0,0,0,0,0,2.15,0,0,0,0,0,1,0,0,0
0,17,71,9,5.31715e+06,0,0,1.51,0,0,0,0,0,1.04,0,0,0,0,0,1.92,0,0,0,0,0,1,0,0,0
0,-13,120,8,5.21489e+06,0,0,2.15,0,0,0,0,0,1.02,0,0,0,0,0,2.01,0,0,0,0,0,1,0,0,0
0,71,-50,8,5.4194e+06,0,0,2.3,0,0,0,0,0,1.06,0,0,0,0,0,2.06,0,0,0,0,0,1,0,0,0
0,0,0,9,5.52166e+06,0,0,2.71,0,0,0,0,0,1.08,0,0,0,0,0,2.07,0,0,0,0,0,1,0,0,0
0,-13,120,3,4.39687e+06,0,0,1.11,0,0,0,0,0,0.86,0,0,0,0,0,1.91,0,0,0,0,0,1,0,0,0
0,17,71,9,5.36827e+06,0,0,2.81,0,0,0,0,0,1.05,0,0,0,0,0,2.08,0,0,0,0,0,1,0,0,0
0,17,71,10,4.75475e+06,0,0,1.9,0,0,0,0,0,0.93,0,0,0,0,0,2.02,0,0,0,0,0,1,0,0,0
0,-80,99,10,4.95926e+06,0,0,1.62,0,0,0,0,0,0.97,0,0,0,0,0,1.98,0,0,0,0,0,1,0,0,0
0,71,-50,7,4.60138e+06,0,0,1.02,0,0,0,0,0,0.9,0,0,0,0,0,1.91,0,0,0,0,0,1,0,0,0
0,-80,99,6,5.47053e+06,0,0,2.14,0,0,0,0,0,1.07,0,0,0,0,0,2.02,0,0,0,0,0,1,0,0,0
0,-72,-65,8,5.36827e+06,0,0,2.14,0,0,0,0,0,1.05,0,0,0,0,0,2.04,0,0,0,0,0,1,0,0,0
0,17,71,10,5.36827e+06,0,0,2.73,0,0,0,0,0,1.05,0,0,0,0,0,2.07,0,0,0,0,0,1,0,0,0
0,15,-63,9,5.26603e+06,0,0,1.72,0,0,0,0,0,1.03,0,0,0,0,0,1.97,0,0,0,0,0,1,0,0,0
0,71,-50,9,5.52166e+06,0,0,2.65,0,0,0,0,0,1.08,0,0,0,0,0,2.14,0,0,0,0,0,1,0,0,0
0,-13,120,1,4.55025e+06,0,0,1.3,0,0,0,0,0,0.89,0,0,0,0,0,1.97,0,0,0,0,0,1,0,0,0
0,17,71,10,6.03291e+06,0,0,3.32,0,0,0,0,0,1.18,0,0,0,0,0,2.13,0,0,0,0,0,1,0,0,0
1,-80,99,7,179831,0,0,0,0,0,1.37,0,0,0,0,0,0.96,0,0,0,0,0,1.99,0,0,0,0,0,1
1,0,0,7,181705,0,0,0,0,0,1.86,0,0,0,0,0,0.97,0,0,0,0,0,1.99,0,0,0,0,0,1
1,-13,120,8,174212,0,0,0,0,0,1.34,0,0,0,0,0,0.93,0,0,0,0,0,1.93,0,0,0,0,0,1
1,-80,99,8,176086,0,0,0,0,0,1.26,0,0,0,0,0,0.94,0,0,0,0,0,1.95,0,0,0,0,0,1
1,-80,99,7,172339,0,0,0,0,0,1.02,0,0,0,0,0,0.92,0,0,0,0,0,1.92,0,0,0,0,0,1
1,71,-50,4,155479,0,0,0,0,0,0.32,0,0,0,0,0,0.83,0,0,0,0,0,1.87,0,0,0,0,0,1
1,0,0,10,187324,0,0,0,0,0,1.64,0,0,0,0,0,1,0,0,0,0,0,1.92,0,0,0,0,0,1
1,71,-50,9,181705,0,0,0,0,0,1.58,0,0,0,0,0,0.97,0,0,0,0,0,1.96,0,0,0,0,0,1
1,71,-50,10,185451,0,0,0,0,0,1.99,0,0,0,0,0,0.99,0,0,0,0,0,2.04,0,0,0,0,0,1
1,71,-50,10,177958,0,0,0,0,0,1.57,0,0,0,0,0,0.95,0,0,0,0,0,1.94,0,0,0,0,0,1
1,-80,99,9,204184,0,0,0,0,0,2.54,0,0,0,0,0,1.09,0,0,0,0,0,2.03,0,0,0,0,0,1
1,-80,99,9,198564,0,0,0,0,0,2.24,0,0,0,0,0,1.06,0,0,0,0,0,2.06,0,0,0,0,0,1
1,-80,99,7,179831,0,0,0,0,0,1.73,0,0,0,0,0,0.96,0,0,0,0,0,2,0,0,0,0,0,1
1,-72,-65,10,181705,0,0,0,0,0,1.73,0,0,0,0,0,0.97,0,0,0,0,0,1.94,0,0,0,0,0,1
1,-72,-65,9,177958,0,0,0,0,0,1.54,0,0,0,0,0,0.95,0,0,0,0,0,1.9,0,0,0,0,0,1
1,0,0,10,174212,0,0,0,0,0,0.92,0,0,0,0,0,0.93,0,0,0,0,0,1.87,0,0,0,0,0,1
1,-82,34,9,176086,0,0,0,0,0,1.75,0,0,0,0,0,0.94,0,0,0,0,0,2.02,0,0,0,0,0,1
1,0,0,9,159225,0,0,0,0,0,0.66,0,0,0,0,0,0.85,0,0,0,0,0,1.83,0,0,0,0,0,1
1,71,-50,10,194817,0,0,0,0,0,2.37,0,0,0,0,0,1.04,0,0,0,0,0,2.01,0,0,0,0,0,1
1,17,71,7,170465,0,0,0,0,0,1.32,0,0,0,0,0,0.91,0,0,0,0,0,1.9,0,0,0,0,0,1
1,15,-63,6,189197,0,0,0,0,0,1.68,0,0,0,0,0,1.01,0,0,0,0,0,2,0,0,0,0,0,1
1,-13,120,9,179831,0,0,0,0,0,1.25,0,0,0,0,0,0.96,0,0,0,0,0,1.96,0,0,0,0,0,1
1,-80,99,7,179831,0,0,0,0,0,1.57,0,0,0,0,0,0.96,0,0,0,0,0,1.98,0,0,0,0,0,1
1,-80,99,9,179831,0,0,0,0,0,1.41,0,0,0,0,0,0.96,0,0,0,0,0,1.94,0,0,0,0,0,1
1,-80,99,5,155479,0,0,0,0,0,0.58,0,0,0,0,0,0.83,0,0,0,0,0,1.83,0,0,0,0,0,1
1,0,0,10,183577,0,0,0,0,0,1.64,0,0,0,0,0,0.98,0,0,0,0,0,1.91,0,0,0,0,0,1
1,-13,120,4,161099,0,0,0,0,0,0.66,0,0,0,0,0,0.86,0,0,0,0,0,1.87,0,0,0,0,0,1
1,0,0,8,179831,0,0,0,0,0,2,0,0,0,0,0,0.96,0,0,0,0,0,2.02,0,0,0,0,0,1
1,-80,99,9,172339,0,0,0,0,0,1.21,0,0,0,0,0,0.92,0,0,0,0,0,1.93,0,0,0,0,0,1
1,-13,120,10,207930,0,0,0,0,0,2.75,0,0,0,0,0,1.11,0,0,0,0,0,2.06,0,0,0,0,0,1
1,-82,34,8,177958,0,0,0,0,0,1.67,0,0,0,0,0,0.95,0,0,0,0,0,1.98,0,0,0,0,0,1
1,15,-63,1,157352,0,0,0,0,0,0.84,0,0,0,0,0,0.84,0,0,0,0,0,1.86,0,0,0,0,0,1
1,-80,99,9,179831,0,0,0,0,0,1.67,0,0,0,0,0,0.96,0,0,0,0,0,1.98,0,0,0,0,0,1
1,-80,99,9,149859,0,0,0,0,0,0.65,0,0,0,0,0,0.8,0,0,0,0,0,1.86,0,0,0,0,0,1
1,17,71,8,181705,0,0,0,0,0,1.29,0,0,0,0,0,0.97,0,0,0,0,0,1.94,0,0,0,0,0,1
1,-80,99,9,176086,0,0,0,0,0,1.36,0,0,0,0,0,0.94,0,0,0,0,0,1.88,0,0,0,0,0,1
1,71,-50,9,172339,0,0,0,0,0,1.26,0,0,0,0,0,0.92,0,0,0,0,0,1.94,0,0,0,0,0,1
1,71,-50,10,181705,0,0,0,0,0,1.87,0,0,0,0,0,0.97,0,0,0,0,0,2.01,0,0,0,0,0,1
1,-72,-65,9,194817,0,0,0,0,0,2.17,0,0,0,0,0,1.04,0,0,0,0,0,1.97,0,0,0,0,0,1
1,-80,99,8,170465,0,0,0,0,0,1.32,0,0,0,0,0,0.91,0,0,0,0,0,1.94,0,0,0,0,0,1
1,71,-50,6,172339,0,0,0,0,0,0.96,0,0,0,0,0,0.92,0,0,0,0,0,1.9,0,0,0,0,0,1
1,71,-50,5,183577,0,0,0,0,0,1.59,0,0,0,0,0,0.98,0,0,0,0,0,1.95,0,0,0,0,0,1
1,56,1,9,194817,0,0,0,0,0,1.97,0,0,0,0,0,1.04,0,0,0,0,0,2.04,0,0,0,0,0,1
1,-13,120,8,168592,0,0,0,0,0,0.96,0,0,0,0,0,0.9,0,0,0,0,0,1.87,0,0,0,0,0,1
1,17,71,1,166719,0,0,0,0,0,0.84,0,0,0,0,0,0.89,0,0,0,0,0,1.93,0,0,0,0,0,1
1,-80,99,7,183577,0,0,0,0,0,2.14,0,0,0,0,0,0.98,0,0,0,0,0,1.98,0,0,0,0,0,1
1,-13,120,7,172339,0,0,0,0,0,0.88,0,0,0,0,0,0.92,0,0,0,0,0,1.93,0,0,0,0,0,1
2,71,-50,9,115651,2.76,0,0,0,0,0,1.09,0,0,0,0,0,2.07,0,0,0,0,0,1,0,0,0,0,0
2,71,-50,8,122015,3.04,0,0,0,0,0,1.15,0,0,0,0,0,2.1,0,0,0,0,0,1,0,0,0,0,0
2,-13,120,9,112467,2.46,0,0,0,0,0,1.06,0,0,0,0,0,2.06,0,0,0,0,0,1,0,0,0,0,0
2,-13,120,9,102920,1.65,0,0,0,0,0,0.97,0,0,0,0,0,1.95,0,0,0,0,0,1,0,0,0,0,0
2,71,-50,10,112467,2.61,0,0,0,0,0,1.06,0,0,0,0,0,2.06,0,0,0,0,0,1,0,0,0,0,0
2,-80,99,9,107161,2.34,0,0,0,0,0,1.01,0,0,0,0,0,2.06,0,0,0,0,0,1,0,0,0,0,0
2,71,-50,10,111407,1.97,0,0,0,0,0,1.05,0,0,0,0,0,2.04,0,0,0,0,0,1,0,0,0,0,0
2,17,71,8,105038,1.85,0,0,0,0,0,0.99,0,0,0,0,0,1.97,0,0,0,0,0,1,0,0,0,0,0
2,0,0,8,116711,3.19,0,0,0,0,0,1.1,0,0,0,0,0,2.2,0,0,0,0,0,1,0,0,0,0,0
2,-13,120,10,94431.6,1.41,0,0,0,0,0,0.89,0,0,0,0,0,1.94,0,0,0,0,0,1,0,0,0,0,0
2,0,0,8,109286,2.4,0,0,0,0,0,1.03,0,0,0,0,0,2.07,0,0,0,0,0,1,0,0,0,0,0
2,-13,120,10,108227,2.18,0,0,0,0,0,1.02,0,0,0,0,0,2.03,0,0,0,0,0,1,0,0,0,0,0
2,-80,99,10,127324,3.23,0,0,0,0,0,1.2,0,0,0,0,0,2.21,0,0,0,0,0,1,0,0,0,0,0
2,15,-63,9,106101,1.67,0,0,0,0,0,1,0,0,0,0,0,2.04,0,0,0,0,0,1,0,0,0,0,0
2,0,0,10,107161,2.27,0,0,0,0,0,1.01,0,0,0,0,0,2.09,0,0,0,0,0,1,0,0,0,0,0
2,0,0,8,111407,2.34,0,0,0,0,0,1.05,0,0,0,0,0,2.05,0,0,0,0,0,1,0,0,0,0,0
2,71,-50,9,112467,2.98,0,0,0,0,0,1.06,0,0,0,0,0,2.07,0,0,0,0,0,1,0,0,0,0,0
2,-80,99,7,108227,2.1,0,0,0,0,0,1.02,0,0,0,0,0,2,0,0,0,0,0,1,0,0,0,0,0
2,71,-50,10,112467,2.12,0,0,0,0,0,1.06,0,0,0,0,0,2.05,0,0,0,0,0,1,0,0,0,0,0
2,0,0,10,108227,2.24,0,0,0,0,0,1.02,0,0,0,0,0,1.95,0,0,0,0,0,1,0,0,0,0,0
2,-80,99,9,98675.5,1.74,0,0,0,0,0,0.93,0,0,0,0,0,1.98,0,0,0,0,0,1,0,0,0,0,0
2,-72,-65,10,95489.3,1.55,0,0,0,0,0,0.9,0,0,0,0,0,1.96,0,0,0,0,0,1,0,0,0,0,0
2,0,0,0,97612.7,1.01,0,0,0,0,0,0.92,0,0,0,0,0,1.88,0,0,0,0,0,1,0,0,0,0,0
2,0,0,2,101854,1.63,0,0,0,0,0,0.96,0,0,0,0,0,1.97,0,0,0,0,0,1,0,0,0,0,0
2,-82,34,10,115651,2.6,0,0,0,0,0,1.09,0,0,0,0,0,2.09,0,0,0,0,0,1,0,0,0,0,0
2,71,-50,10,110345,2.25,0,0,0,0,0,1.04,0,0,0,0,0,1.97,0,0,0,0,0,1,0,0,0,0,0
2,0,0,8,95489.3,1.14,0,0,0,0,0,0.9,0,0,0,0,0,1.94,0,0,0,0,0,1,0,0,0,0,0
2,15,-63,6,107161,1.83,0,0,0,0,0,1.01,0,0,0,0,0,1.94,0,0,0,0,0,1,0,0,0,0,0
2,56,1,10,107161,1.8,0,0,0,0,0,1.01,0,0,0,0,0,1.96,0,0,0,0,0,1,0,0,0,0,0
2,-80,99,8,113529,2.35,0,0,0,0,0,1.07,0,0,0,0,0,2.06,0,0,0,0,0,1,0,0,0,0,0
2,0,0,9,114592,2.47,0,0,0,0,0,1.08,0,0,0,0,0,2.04,0,0,0,0,0,1,0,0,0,0,0
2,56,1,7,108227,2.15,0,0,0,0,0,1.02,0,0,0,0,0,2.04,0,0,0,0,0,1,0,0,0,0,0
2,0,0,10,117776,3.12,0,0,0,0,0,1.11,0,0,0,0,0,2.07,0,0,0,0,0,1,0,0,0,0,0
2,0,0,9,103980,2.22,0,0,0,0,0,0.98,0,0,0,0,0,2.02,0,0,0,0,0,1,0,0,0,0,0
2,17,71,9,117776,2.89,0,0,0,0,0,1.11,0,0,0,0,0,2.15,0,0,0,0,0,1,0,0,0,0,0
2,-80,99,4,92306.3,0.37,0,0,0,0,0,0.87,0,0,0,0,0,1.76,0,0,0,0,0,1,0,0,0,0,0
2,-13,120,8,95489.3,0.61,0,0,0,0,0,0.9,0,0,0,0,0,1.85,0,0,0,0,0,1,0,0,0,0,0
2,-13,120,8,109286,3,0,0,0,0,0,1.03,0,0,0,0,0,2.04,0,0,0,0,0,1,0,0,0,0,0
2,71,-50,2,99736.4,1.27,0,0,0,0,0,0.94,0,0,0,0,0,1.92,0,0,0,0,0,1,0,0,0,0,0
2,-13,120,9,107161,1.91,0,0,0,0,0,1.01,0,0,0,0,0,2.05,0,0,0,0,0,1,0,0,0,0,0
2,-72,-65,9,108227,1.81,0,0,0,0,0,1.02,0,0,0,0,0,1.98,0,0,0,0,0,1,0,0,0,0,0
2,71,-50,10,115651,3,0,0,0,0,0,1.09,0,0,0,0,0,2.05,0,0,0,0,0,1,0,0,0,0,0
2,71,-50,7,95489.3,1.39,0,0,0,0,0,0.9,0,0,0,0,0,1.89,0,0,0,0,0,1,0,0,0,0,0
2,15,-63,9,106101,2.01,0,0,0,0,0,1,0,0,0,0,0,2.02,0,0,0,0,0,1,0,0,0,0,0
2,71,-50,9,120955,3.24,0,0,0,0,0,1.14,0,0,0,0,0,2.12,0,0,0,0,0,1,0,0,0,0,0
2,71,-50,1,99736.4,1.7,0,0,0,0,0,0.94,0,0,0,0,0,2.03,0,0,0,0,0,1,0,0,0,0,0
2,56,1,7,115651,2.62,0,0,0,0,0,1.09,0,0,0,0,0,2.08,0,0,0,0,0,1,0,0,0,0,0
2,-72,-65,10,108227,2.23,0,0,0,0,0,1.02,0,0,0,0,0,2,0,0,0,0,0,1,0,0,0,0,0
2,71,-50,7,108227,2.28,0,0,0,0,0,1.02,0,0,0,0,0,2.06,0,0,0,0,0,1,0,0,0,0,0
2,-13,120,9,109286,2.13,0,0,0,0,0,1.03,0,0,0,0,0,1.95,0,0,0,0,0,1,0,0,0,0,0
2,-13,120,9,114592,2.68,0,0,0,0,0,1.08,0,0,0,0,0,2.04,0,0,0,0,0,1,0,0,0,0,0
2,15,-63,7,111407,1.68,0,0,0,0,0,1.05,0,0,0,0,0,1.94,0,0,0,0,0,1,0,0,0,0,0
2,-72,-65,8,101854,1.71,0,0,0,0,0,0.96,0,0,0,0,0,1.94,0,0,0,0,0,1,0,0,0,0,0
2,-72,-65,8,115651,2.03,0,0,0,0,0,1.09,0,0,0,0,0,1.99,0,0,0,0,0,1,0,0,0,0,0
2,-13,120,9,109286,2.38,0,0,0,0,0,1.03,0,0,0,0,0,2.03,0,0,0,0,0,1,0,0,0,0,0
2,71,-50,10,113529,2.63,0,0,0,0,0,1.07,0,0,0,0,0,2.1,0,0,0,0,0,1,0,0,0,0,0
2,-80,99,2,91246.5,1.21,0,0,0,0,0,0.86,0,0,0,0,0,1.9,0,0,0,0,0,1,0,0,0,0,0
2,0,0,7,106101,1.96,0,0,0,0,0,1,0,0,0,0,0,1.98,0,0,0,0,0,1,0,0,0,0,0
2,56,1,8,117776,2.92,0,0,0,0,0,1.11,0,0,0,0,0,2.08,0,0,0,0,0,1,0,0,0,0,0
2,0,0,8,113529,2.49,0,0,0,0,0,1.07,0,0,0,0,0,2.04,0,0,0,0,0,1,0,0,0,0,0
2,71,-50,9,115651,2.79,0,0,0,0,0,1.09,0,0,0,0,0,2.05,0,0,0,0,0,1,0,0,0,0,0
2,71,-50,6,101854,1.67,0,0,0,0,0,0.96,0,0,0,0,0,2.01,0,0,0,0,0,1,0,0,0,0,0
2,71,-50,5,107161,2.41,0,0,0,0,0,1.01,0,0,0,0,0,2.02,0,0,0,0,0,1,0,0,0,0,0
2,56,1,9,115651,3.05,0,0,0,0,0,1.09,0,0,0,0,0,2.17,0,0,0,0,0,1,0,0,0,0,0
2,71,-50,7,106101,1.95,0,0,0,0,0,1,0,0,0,0,0,2,0,0,0,0,0,1,0,0,0,0,0
2,71,-50,8,106101,2.12,0,0,0,0,0,1,0,0,0,0,0,2.06,0,0,0,0,0,1,0,0,0,0,0
2,71,-50,9,112467,2.53,0,0,0,0,0,1.06,0,0,0,0,0,2,0,0,0,0,0,1,0,0,0,0,0
2,0,0,4,102920,1.61,0,0,0,0,0,0.97,0,0,0,0,0,1.93,0,0,0,0,0,1,0,0,0,0,0
2,71,-50,8,112467,2.54,0,0,0,0,0,1.06,0,0,0,0,0,2.04,0,0,0,0,0,1,0,0,0,0,0
2,-13,120,7,94431.6,1.47,0,0,0,0,0,0.89,0,0,0,0,0,1.99,0,0,0,0,0,1,0,0,0,0,0
2,-80,99,7,96553.4,0.87,0,0,0,0,0,0.91,0,0,0,0,0,1.93,0,0,0,0,0,1,0,0,0,0,0
2,56,1,5,101854,1.9,0,0,0,0,0,0.96,0,0,0,0,0,2.03,0,0,0,0,0,1,0,0,0,0,0
2,56,1,9,113529,2.75,0,0,0,0,0,1.07,0,0,0,0,0,2.11,0,0,0,0,0,1,0,0,0,0,0
2,17,71,9,113529,2.36,0,0,0,0,0,1.07,0,0,0,0,0,2.06,0,0,0,0,0,1,0,0,0,0,0
2,-72,-65,9,103980,2.39,0,0,0,0,0,0.98,0,0,0,0,0,2.04,0,0,0,0,0,1,0,0,0,0,0
2,71,-50,7,107161,2.12,0,0,0,0,0,1.01,0,0,0,0,0,2.01,0,0,0,0,0,1,0,0,0,0,0
2,-72,-65,10,106101,2.24,0,0,0,0,0,1,0,0,0,0,0,2.05,0,0,0,0,0,1,0,0,0,0,0
2,71,-50,7,117776,2.73,0,0,0,0,0,1.11,0,0,0,0,0,2.06,0,0,0,0,0,1,0,0,0,0,0
2,0,0,9,98675.5,1.31,0,0,0,0,0,0.93,0,0,0,0,0,1.93,0,0,0,0,0,1,0,0,0,0,0
2,71,-50,10,112467,2.26,0,0,0,0,0,1.06,0,0,0,0,0,2.04,0,0,0,0,0,1,0,0,0,0,0
2,-80,99,10,102920,1.86,0,0,0,0,0,0.97,0,0,0,0,0,1.99,0,0,0,0,0,1,0,0,0,0,0
2,71,-50,7,111407,2.45,0,0,0,0,0,1.05,0,0,0,0,0,2.12,0,0,0,0,0,1,0,0,0,0,0
2,17,71,9,107161,1.92,0,0,0,0,0,1.01,0,0,0,0,0,1.99,0,0,0,0,0,1,0,0,0,0,0
2,71,-50,10,101854,1.86,0,0,0,0,0,0.96,0,0,0,0,0,1.99,0,0,0,0,0,1,0,0,0,0,0
2,-72,-65,9,112467,2.26,0,0,0,0,0,1.06,0,0,0,0,0,2.01,0,0,0,0,0,1,0,0,0,0,0
2,15,-63,10,111407,2.01,0,0,0,0,0,1.05,0,0,0,0,0,1.94,0,0,0,0,0,1,0,0,0,0,0
2,-80,99,7,110345,2.32,0,0,0,0,0,1.04,0,0,0,0,0,1.99,0,0,0,0,0,1,0,0,0,0,0
2,-13,120,10,107161,2.4,0,0,0,0,0,1.01,0,0,0,0,0,2.05,0,0,0,0,0,1,0,0,0,0,0
2,17,71,5,98675.5,1.04,0,0,0,0,0,0.93,0,0,0,0,0,1.92,0,0,0,0,0,1,0,0,0,0,0
2,71,-50,10,113529,2.82,0,0,0,0,0,1.07,0,0,0,0,0,2.08,0,0,0,0,0,1,0,0,0,0,0
2,-82,34,10,114592,2.89,0,0,0,0,0,1.08,0,0,0,0,0,2.09,0,0,0,0,0,1,0,0,0,0,0
2,56,1,8,111407,2.96,0,0,0,0,0,1.05,0,0,0,0,0,2.14,0,0,0,0,0,1,0,0,0,0,0
2,0,0,10,116711,2.64,0,0,0,0,0,1.1,0,0,0,0,0,2.07,0,0,0,0,0,1,0,0,0,0,0
2,-13,120,10,102920,2.18,0,0,0,0,0,0.97,0,0,0,0,0,1.99,0,0,0,0,0,1,0,0,0,0,0
2,0,0,10,111407,2.57,0,0,0,0,0,1.05,0,0,0,0,0,2.11,0,0,0,0,0,1,0,0,0,0,0
2,71,-50,7,106101,1.99,0,0,0,0,0,1,0,0,0,0,0,1.93,0,0,0,0,0,1,0,0,0,0,0
2,71,-50,7,100795,1.51,0,0,0,0,0,0.95,0,0,0,0,0,1.95,0,0,0,0,0,1,0,0,0,0,0
2,17,71,8,103980,1.97,0,0,0,0,0,0.98,0,0,0,0,0,2.05,0,0,0,0,0,1,0,0,0,0,0
2,71,-50,10,110345,2.47,0,0,0,0,0,1.04,0,0,0,0,0,2.08,0,0,0,0,0,1,0,0,0,0,0
2,-13,120,8,108227,2.24,0,0,0,0,0,1.02,0,0,0,0,0,2.05,0,0,0,0,0,1,0,0,0,0,0
2,-80,99,7,107161,1.92,0,0,0,0,0,1.01,0,0,0,0,0,2.05,0,0,0,0,0,1,0,0,0,0,0
2,-13,120,8,113529,2.32,0,0,0,0,0,1.07,0,0,0,0,0,2.02,0,0,0,0,0,1,0,0,0,0,0
2,0,0,7,113529,2.86,0,0,0,0,0,1.07,0,0,0,0,0,2.04,0,0,0,0,0,1,0,0,0,0,0
2,15,-63,7,103980,2.03,0,0,0,0,0,0.98,0,0,0,0,0,2.05,0,0,0,0,0,1,0,0,0,0,0
2,0,0,7,113529,2.08,0,0,0,0,0,1.07,0,0,0,0,0,2.06,0,0,0,0,0,1,0,0,0,0,0
2,-72,-65,8,106101,1.81,0,0,0,0,0,1,0,0,0,0,0,1.95,0,0,0,0,0,1,0,0,0,0,0
2,17,71,8,106101,1.86,0,0,0,0,0,1,0,0,0,0,0,1.98,0,0,0,0,0,1,0,0,0,0,0
2,-82,34,7,107161,1.71,0,0,0,0,0,1.01,0,0,0,0,0,2.02,0,0,0,0,0,1,0,0,0,0,0
2,0,0,7,112467,2.12,0,0,0,0,0,1.06,0,0,0,0,0,2.03,0,0,0,0,0,1,0,0,0,0,0
2,-80,99,10,109286,2.08,0,0,0,0,0,1.03,0,0,0,0,0,2.03,0,0,0,0,0,1,0,0,0,0,0
2,-80,99,9,109286,1.58,0,0,0,0,0,1.03,0,0,0,0,0,2,0,0,0,0,0,1,0,0,0,0,0
2,71,-50,9,122015,3.23,0,0,0,0,0,1.15,0,0,0,0,0,2.18,0,0,0,0,0,1,0,0,0,0,0
2,15,-63,9,116711,2.39,0,0,0,0,0,1.1,0,0,0,0,0,1.99,0,0,0,0,0,1,0,0,0,0,0
2,71,-50,10,105038,1.86,0,0,0,0,0,0.99,0,0,0,0,0,1.94,0,0,0,0,0,1,0,0,0,0,0
2,-72,-65,3,97612.7,1.2,0,0,0,0,0,0.92,0,0,0,0,0,1.96,0,0,0,0,0,1,0,0,0,0,0
2,-13,120,7,116711,2.49,0,0,0,0,0,1.1,0,0,0,0,0,2.1,0,0,0,0,0,1,0,0,0,0,0
2,71,-50,10,108227,2.54,0,0,0,0,0,1.02,0,0,0,0,0,2.06,0,0,0,0,0,1,0,0,0,0,0
2,71,-50,10,108227,2.29,0,0,0,0,0,1.02,0,0,0,0,0,1.97,0,0,0,0,0,1,0,0,0,0,0
2,-13,120,10,115651,2.65,0,0,0,0,0,1.09,0,0,0,0,0,2.06,0,0,0,0,0,1,0,0,0,0,0
2,0,0,8,103980,1.61,0,0,0,0,0,0.98,0,0,0,0,0,1.97,0,0,0,0,0,1,0,0,0,0,0
2,71,-50,9,113529,2.41,0,0,0,0,0,1.07,0,0,0,0,0,2.07,0,0,0,0,0,1,0,0,0,0,0
2,71,-50,8,105038,2.2,0,0,0,0,0,0.99,0,0,0,0,0,2.01,0,0,0,0,0,1,0,0,0,0,0
2,-72,-65,7,93371.8,0.9,0,0,0,0,0,0.88,0,0,0,0,0,1.88,0,0,0,0,0,1,0,0,0,0,0
2,-80,99,7,108227,1.69,0,0,0,0,0,1.02,0,0,0,0,0,2.01,0,0,0,0,0,1,0,0,0,0,0
2,17,71,8,110345,2.15,0,0,0,0,0,1.04,0,0,0,0,0,2.06,0,0,0,0,0,1,0,0,0,0,0
2,0,0,10,124140,3.37,0,0,0,0,0,1.17,0,0,0,0,0,2.16,0,0,0,0,0,1,0,0,0,0,0
2,-80,99,10,100795,1.98,0,0,0,0,0,0.95,0,0,0,0,0,1.99,0,0,0,0,0,1,0,0,0,0,0
2,71,-50,9,117776,2.6,0,0,0,0,0,1.11,0,0,0,0,0,2.07,0,0,0,0,0,1,0,0,0,0,0
2,-13,120,8,109286,2,0,0,0,0,0,1.03,0,0,0,0,0,1.94,0,0,0,0,0,1,0,0,0,0,0
2,15,-63,4,102920,1.59,0,0,0,0,0,0.97,0,0,0,0,0,1.93,0,0,0,0,0,1,0,0,0,0,0
2,15,-63,10,103980,2.14,0,0,0,0,0,0.98,0,0,0,0,0,2.01,0,0,0,0,0,1,0,0,0,0,0
2,-80,99,10,118836,2.37,0,0,0,0,0,1.12,0,0,0,0,0,2.02,0,0,0,0,0,1,0,0,0,0,0
2,71,-50,10,115651,2.98,0,0,0,0,0,1.09,0,0,0,0,0,2.08,0,0,0,0,0,1,0,0,0,0,0
2,71,-50,7,114592,2.12,0,0,0,0,0,1.08,0,0,0,0,0,1.97,0,0,0,0,0,1,0,0,0,0,0
2,15,-63,7,107161,2.09,0,0,0,0,0,1.01,0,0,0,0,0,1.98,0,0,0,0,0,1,0,0,0,0,0
2,0,0,0,91246.5,0.52,0,0,0,0,0,0.86,0,0,0,0,0,1.88,0,0,0,0,0,1,0,0,0,0,0
2,0,0,10,123078,2.87,0,0,0,0,0,1.16,0,0,0,0,0,2.1,0,0,0,0,0,1,0,0,0,0,0
2,-72,-65,8,103980,2.32,0,0,0,0,0,0.98,0,0,0,0,0,2.03,0,0,0,0,0,1,0,0,0,0,0
2,15,-63,9,108227,2.38,0,0,0,0,0,1.02,0,0,0,0,0,2.08,0,0,0,0,0,1,0,0,0,0,0
2,17,71,9,117776,3.09,0,0,0,0,0,1.11,0,0,0,0,0,2.12,0,0,0,0,0,1,0,0,0,0,0
2,-13,120,1,97612.7,1.01,0,0,0,0,0,0.92,0,0,0,0,0,1.94,0,0,0,0,0,1,0,0,0,0,0
2,-80,99,7,98675.5,1.01,0,0,0,0,0,0.93,0,0,0,0,0,1.92,0,0,0,0,0,1,0,0,0,0,0
2,-80,99,9,125201,2.76,0,0,0,0,0,1.18,0,0,0,0,0,2.05,0,0,0,0,0,1,0,0,0,0,0
2,-80,99,0,93371.8,1.01,0,0,0,0,0,0.88,0,0,0,0,0,1.88,0,0,0,0,0,1,0,0,0,0,0
2,71,-50,7,110345,1.91,0,0,0,0,0,1.04,0,0,0,0,0,2.01,0,0,0,0,0,1,0,0,0,0,0
2,0,0,7,96553.4,1.18,0,0,0,0,0,0.91,0,0,0,0,0,1.87,0,0,0,0,0,1,0,0,0,0,0
2,-72,-65,10,105038,1.66,0,0,0,0,0,0.99,0,0,0,0,0,1.91,0,0,0,0,0,1,0,0,0,0,0
2,-13,120,10,115651,2.78,0,0,0,0,0,1.09,0,0,0,0,0,2.06,0,0,0,0,0,1,0,0,0,0,0
2,71,-50,7,109286,2.05,0,0,0,0,0,1.03,0,0,0,0,0,2.02,0,0,0,0,0,1,0,0,0,0,0
2,-82,34,9,102920,1.63,0,0,0,0,0,0.97,0,0,0,0,0,1.99,0,0,0,0,0,1,0,0,0,0,0
2,0,0,7,97612.7,1.15,0,0,0,0,0,0.92,0,0,0,0,0,1.95,0,0,0,0,0,1,0,0,0,0,0
3,56,1,8,1.13378e+07,2.06,2.87,2,1.39,1.81,1.46,1.03,1.08,1.01,0.9,0.99,0.95,2.01,2.15,1.99,1.92,2.01,1.93,1,1,1,1,1,1
3,71,-50,5,1.08661e+07,1.96,1.42,1.66,1.53,1.92,1.5,1,0.95,0.96,1.04,1.01,0.95,2.01,2.04,1.95,1.96,2.02,2,1,1,1,1,1,1
3,15,-63,9,1.17609e+07,2.73,2.8,2.32,1.11,2.27,2.37,1.11,1.13,1.04,0.95,1.02,1.07,2.05,2.1,2.01,1.93,2.06,2.07,1,1,1,1,1,1
3,-80,99,9,8.67776e+06,0,0,2.91,1.12,1.86,2.3,0,0,1.07,0.93,0.99,1.06,0,0,2.11,1.83,1.96,2.01,0,0,1,1,1,1
3,56,1,7,1.13172e+07,2.78,2.12,2.08,1.39,1.59,1.68,1.12,1,1.05,0.95,0.97,0.94,2.07,2.03,1.97,1.94,1.96,1.99,1,1,1,1,1,1
3,71,-50,1,8.58178e+06,0.42,0,1.89,0.02,1.65,1.01,0.83,0,1.05,0.88,0.98,0.92,1.82,0,1.96,1.84,2.04,1.89,1,0,1,1,1,1
3,0,0,2,8.35368e+06,1.99,0,1.77,0.27,1.95,0.45,1.02,0,1.02,0.87,0.95,0.84,2.01,0,1.99,1.79,2.01,1.89,1,0,1,1,1,1
3,-82,34,9,1.19175e+07,0,1.19,3.06,2.09,3.17,1.08,0,0.94,1.15,0.99,1.11,0.94,0,1.95,2.07,2.05,2.12,1.93,0,1,1,1,1,1
3,56,1,10,1.19704e+07,2.27,2.37,2.09,1.89,3.17,1.54,1.06,1.06,1.06,0.98,1.14,1,2.04,2.03,2.05,2.02,2.13,2,1,1,1,1,1,1
3,15,-63,9,8.82925e+06,2.88,0,2.44,1.73,2.09,0.81,1.03,0,1.08,0.97,0.99,0.88,2.1,0,2.01,1.97,2.07,1.86,1,0,1,1,1,1
3,-72,-65,8,7.61205e+06,0,0,1.8,0.41,0.85,0.85,0,0,0.94,0.81,0.87,0.89,0,0,2,1.76,1.93,1.86,0,0,1,1,1,1
3,-13,120,10,8.98984e+06,1.98,0,2.42,2.63,2.09,1.69,0.94,0,1.06,1.12,1.06,0.92,2.05,0,2.06,2.05,2.06,1.96,1,0,1,1,1,1
3,71,-50,10,9.40333e+06,3.07,0,3.19,2.29,2.44,1.35,1.1,0,1.15,1.06,1.05,0.91,2.14,0,2.2,2.08,2.04,1.92,1,0,1,1,1,1
3,71,-50,7,8.56756e+06,1.57,0,2.16,2.22,2.78,0.94,0.99,0,1,1.05,1.03,0.9,1.96,0,2.02,2.03,2.06,1.97,1,0,1,1,1,1
3,-13,120,6,8.37352e+06,2.36,0,2.11,1.19,1.79,1.04,1.08,0,1,0.88,0.99,0.9,2.03,0,2.07,1.97,1.96,1.89,1,0,1,1,1,1
3,71,-50,3,1.09083e+07,1.2,2.17,1.65,1.31,1.36,0.59,0.93,1.04,0.97,0.91,0.95,0.87,1.94,2.03,1.93,1.88,1.91,1.86,1,1,1,1,1,1
3,-80,99,10,1.13697e+07,2.28,2.58,1.85,1.63,3.28,1.57,1.05,1.11,0.92,0.96,1.14,0.97,2.03,2.06,1.94,1.97,2.18,1.93,1,1,1,1,1,1
3,-72,-65,9,8.6114e+06,0,0,1.88,2.03,2.41,0.8,0,0,1,0.97,1.11,0.91,0,0,2,2.03,2.04,1.89,0,0,1,1,1,1
3,-72,-65,10,8.80467e+06,2.28,0,2.69,1.13,2.55,1.78,1.01,0,1.04,0.95,1.06,1,2.06,0,2.07,1.95,2.03,2.01,1,0,1,1,1,1
3,71,-50,10,1.23007e+07,3.06,2.87,2.14,1.75,3.79,0.59,1.14,1.11,1.05,0.99,1.24,0.93,2.09,2.14,2.04,1.94,2.21,1.85,1,1,1,1,1,1
3,-80,99,7,8.47529e+06,0,0,2.19,0.8,2.32,2.18,0,0,0.98,0.87,1.11,1.06,0,0,2.02,1.8,2.05,2.03,0,0,1,1,1,1
3,71,-50,8,9.65449e+06,0,0,3.01,2.24,3.26,1.48,0,0,1.16,1.01,1.19,0.93,0,0,2.15,2.04,2.15,1.94,0,0,1,1,1,1
3,-80,99,10,1.19005e+07,0,2.53,2.89,1.63,2.51,1.5,0,1.09,1.09,0.97,1.07,0.93,0,2.03,2.06,1.97,2.08,1.97,0,1,1,1,1,1
3,-13,120,10,1.16205e+07,1.99,2.63,2.43,1.33,2.2,2,1.03,1.06,1.05,0.93,1.03,1.03,1.99,2.05,2.05,1.91,2.05,2.01,1,1,1,1,1,1
3,-13,120,10,8.64187e+06,2.83,0,2.54,1.01,1.53,2.26,1.09,0,1.07,0.96,0.92,1.07,2.09,0,2.08,1.91,1.96,2.05,1,0,1,1,1,1
3,-13,120,8,8.58144e+06,1.84,0,2.7,1.42,1.98,2.2,0.98,0,1.02,0.94,1.01,1.06,1.92,0,2.13,1.96,2.01,1.95,1,0,1,1,1,1
3,15,-63,10,9.31621e+06,3.2,0,2.4,2.08,3.36,1.88,1.08,0,1.08,1.04,1.16,0.99,2.14,0,2.05,1.97,2.15,2.03,1,0,1,1,1,1
3,0,0,10,1.22374e+07,0,3.55,3.3,1.09,2.69,2.13,0,1.17,1.13,0.92,1.04,1.05,0,2.15,2.24,1.9,2.1,2.05,0,1,1,1,1,1
4,71,-50,9,743094,0,0,0,1.14,0,1.54,0,0,0,0.9,0,0.99,0,0,0,1.84,0,1.9,0,0,0,1,0,1
4,0,0,9,859521,0,0,0,2.57,0,1.25,0,0,0,1.1,0,0.95,0,0,0,2.08,0,1.86,0,0,0,1,0,1
4,-13,120,10,752891,0,0,0,1.5,0,0.93,0,0,0,0.94,0,0.91,0,0,0,1.92,0,1.9,0,0,0,1,0,1
4,71,-50,10,764131,0,0,0,1.49,0,1.96,0,0,0,0.94,0,0.97,0,0,0,1.99,0,2,0,0,0,1,0,1
4,-13,120,10,777819,0,0,0,1.57,0,1.62,0,0,0,0.95,0,1.01,0,0,0,1.9,0,1.97,0,0,0,1,0,1
4,17,71,10,728251,0,0,0,0.81,0,2.03,0,0,0,0.87,0,1.01,0,0,0,1.88,0,2,0,0,0,1,0,1
4,71,-50,0,673496,0,0,0,0.46,0,0.37,0,0,0,0.83,0,0.85,0,0,0,1.84,0,1.88,0,0,0,1,0,1
4,71,-50,10,738626,0,0,0,1.55,0,1.49,0,0,0,0.92,0,0.9,0,0,0,1.95,0,2.02,0,0,0,1,0,1
4,-80,99,5,733729,0,0,0,0.89,0,1.26,0,0,0,0.9,0,0.94,0,0,0,1.88,0,1.94,0,0,0,1,0,1
4,-72,-65,10,797705,0,0,0,1.78,0,1.98,0,0,0,0.97,0,1.05,0,0,0,1.95,0,2,0,0,0,1,0,1
4,-80,99,8,757214,0,0,0,1.85,0,0.82,0,0,0,0.95,0,0.9,0,0,0,1.93,0,1.87,0,0,0,1,0,1
4,-13,120,8,775227,0,0,0,1.91,0,1.14,0,0,0,0.97,0,0.93,0,0,0,1.98,0,1.82,0,0,0,1,0,1
4,-82,34,10,809376,0,0,0,1.63,0,1.7,0,0,0,1.01,0,0.98,0,0,0,1.93,0,1.99,0,0,0,1,0,1
4,0,0,10,854046,0,0,0,2.18,0,1.89,0,0,0,1.07,0,1.02,0,0,0,2.05,0,2,0,0,0,1,0,1
4,71,-50,2,695254,0,0,0,0.61,0,1.01,0,0,0,0.85,0,0.9,0,0,0,1.89,0,1.9,0,0,0,1,0,1
4,-82,34,6,730557,0,0,0,1.58,0,0.98,0,0,0,0.91,0,0.89,0,0,0,2.01,0,1.84,0,0,0,1,0,1
4,71,-50,8,796984,0,0,0,1.58,0,1.23,0,0,0,0.99,0,0.98,0,0,0,1.97,0,1.9,0,0,0,1,0,1
4,-80,99,0,679836,0,0,0,0.15,0,0.96,0,0,0,0.81,0,0.95,0,0,0,1.82,0,1.85,0,0,0,1,0,1
4,0,0,7,804477,0,0,0,1.42,0,2.18,0,0,0,0.99,0,1.02,0,0,0,1.94,0,2.03,0,0,0,1,0,1
4,-80,99,9,793238,0,0,0,1.79,0,1.18,0,0,0,0.99,0,0.96,0,0,0,1.98,0,1.98,0,0,0,1,0,1
4,-13,120,8,795543,0,0,0,1.94,0,0.9,0,0,0,1.03,0,0.84,0,0,0,1.98,0,1.85,0,0,0,1,0,1
4,71,-50,10,925229,0,0,0,2.91,0,1.14,0,0,0,1.2,0,0.97,0,0,0,2.12,0,1.9,0,0,0,1,0,1
4,-72,-65,4,680989,0,0,0,0.2,0,1.44,0,0,0,0.83,0,0.89,0,0,0,1.78,0,1.92,0,0,0,1,0,1
4,56,1,10,756207,0,0,0,1.6,0,1.98,0,0,0,0.9,0,1.06,0,0,0,1.97,0,1.99,0,0,0,1,0,1
4,71,-50,10,746695,0,0,0,1.68,0,0.83,0,0,0,0.93,0,0.91,0,0,0,1.97,0,1.87,0,0,0,1,0,1
4,71,-50,8,795831,0,0,0,1.54,0,1.84,0,0,0,0.97,0,1.04,0,0,0,2.02,0,1.99,0,0,0,1,0,1
4,17,71,7,793814,0,0,0,2.11,0,1.66,0,0,0,1,0,0.93,0,0,0,2,0,1.99,0,0,0,1,0,1
4,-72,-65,7,695830,0,0,0,0.75,0,0.56,0,0,0,0.86,0,0.87,0,0,0,1.84,0,1.88,0,0,0,1,0,1
4,71,-50,10,811250,0,0,0,2.18,0,1.45,0,0,0,1.01,0,0.99,0,0,0,2.09,0,1.95,0,0,0,1,0,1
4,-80,99,9,858367,0,0,0,2.24,0,1.89,0,0,0,1.08,0,1.01,0,0,0,2.03,0,2.06,0,0,0,1,0,1
4,-80,99,9,750587,0,0,0,1.03,0,2.04,0,0,0,0.9,0,1.03,0,0,0,1.86,0,2.03,0,0,0,1,0,1
4,71,-50,8,754909,0,0,0,1.33,0,2.07,0,0,0,0.91,0,1.02,0,0,0,1.95,0,2,0,0,0,1,0,1
4,-13,120,10,791509,0,0,0,1.83,0,2.28,0,0,0,0.96,0,1.05,0,0,0,1.98,0,2.04,0,0,0,1,0,1
4,-80,99,8,790067,0,0,0,1.58,0,1.51,0,0,0,1,0,0.91,0,0,0,1.92,0,1.92,0,0,0,1,0,1
4,-80,99,8,791365,0,0,0,1.2,0,1.47,0,0,0,0.99,0,0.95,0,0,0,1.87,0,1.93,0,0,0,1,0,1
4,-13,120,7,751162,0,0,0,1.19,0,1.86,0,0,0,0.91,0,1,0,0,0,1.93,0,1.97,0,0,0,1,0,1
4,17,71,8,763555,0,0,0,1.39,0,2.11,0,0,0,0.93,0,1,0,0,0,1.94,0,2,0,0,0,1,0,1
4,15,-63,9,775802,0,0,0,2.18,0,1.33,0,0,0,0.98,0,0.9,0,0,0,2.02,0,1.96,0,0,0,1,0,1
4,15,-63,9,842806,0,0,0,2.44,0,1.96,0,0,0,1.07,0,0.96,0,0,0,1.97,0,2.04,0,0,0,1,0,1
4,-13,120,5,688482,0,0,0,0.09,0,1.21,0,0,0,0.83,0,0.93,0,0,0,1.82,0,1.87,0,0,0,1,0,1
4,-13,120,9,742228,0,0,0,1.24,0,0.57,0,0,0,0.95,0,0.82,0,0,0,1.95,0,1.83,0,0,0,1,0,1
4,56,1,10,744246,0,0,0,1.74,0,1.37,0,0,0,0.92,0,0.93,0,0,0,2.01,0,1.95,0,0,0,1,0,1
4,56,1,10,764131,0,0,0,1.39,0,1.64,0,0,0,0.94,0,0.97,0,0,0,1.92,0,1.97,0,0,0,1,0,1
4,-80,99,3,741651,0,0,0,1.27,0,0.34,0,0,0,0.94,0,0.85,0,0,0,1.87,0,1.87,0,0,0,1,0,1
4,0,0,10,868887,0,0,0,2.56,0,1.28,0,0,0,1.1,0,1,0,0,0,2.07,0,1.95,0,0,0,1,0,1
4,-80,99,7,752891,0,0,0,1.08,0,1.62,0,0,0,0.94,0,0.91,0,0,0,1.9,0,1.95,0,0,0,1,0,1
4,0,0,9,739924,0,0,0,1.22,0,1.91,0,0,0,0.91,0,0.94,0,0,0,1.93,0,2.02,0,0,0,1,0,1
4,71,-50,7,824218,0,0,0,1.76,0,2.02,0,0,0,1.04,0,0.96,0,0,0,1.99,0,2.01,0,0,0,1,0,1
4,71,-50,10,783296,0,0,0,1.3,0,1.69,0,0,0,0.98,0,0.94,0,0,0,1.94,0,1.99,0,0,0,1,0,1
4,56,1,9,779116,0,0,0,1.09,0,2.39,0,0,0,0.94,0,1.05,0,0,0,1.89,0,2.04,0,0,0,1,0,1
4,-80,99,9,786466,0,0,0,2.22,0,2.19,0,0,0,0.97,0,0.99,0,0,0,2.04,0,1.94,0,0,0,1,0,1
4,17,71,10,809376,0,0,0,1.82,0,2.18,0,0,0,1.01,0,0.98,0,0,0,2.02,0,1.98,0,0,0,1,0,1
4,-13,120,9,809952,0,0,0,2.22,0,1.46,0,0,0,1.02,0,0.95,0,0,0,2.06,0,1.96,0,0,0,1,0,1
4,-72,-65,10,753035,0,0,0,1.5,0,2.21,0,0,0,0.91,0,1.01,0,0,0,2,0,2.02,0,0,0,1,0,1
4,-80,99,8,756638,0,0,0,1.68,0,1.19,0,0,0,0.94,0,0.93,0,0,0,1.96,0,1.95,0,0,0,1,0,1
4,-72,-65,8,712113,0,0,0,0.92,0,1.55,0,0,0,0.85,0,0.99,0,0,0,1.95,0,1.96,0,0,0,1,0,1
4,15,-63,9,775946,0,0,0,1.79,0,1.99,0,0,0,0.95,0,1,0,0,0,2.01,0,1.99,0,0,0,1,0,1
4,-13,120,8,702026,0,0,0,0.9,0,0.99,0,0,0,0.87,0,0.87,0,0,0,1.86,0,1.92,0,0,0,1,0,1
4,71,-50,8,830415,0,0,0,2.35,0,1.99,0,0,0,1.05,0,0.96,0,0,0,2.05,0,1.99,0,0,0,1,0,1
4,-82,34,10,833583,0,0,0,2.44,0,2.44,0,0,0,1.04,0,1.01,0,0,0,2.05,0,2.11,0,0,0,1,0,1
4,0,0,10,883152,0,0,0,2.48,0,2.01,0,0,0,1.12,0,1.01,0,0,0,2.09,0,2.04,0,0,0,1,0,1
4,0,0,10,788915,0,0,0,1.6,0,1.38,0,0,0,0.98,0,0.97,0,0,0,1.92,0,1.94,0,0,0,1,0,1
4,71,-50,2,752746,0,0,0,1.6,0,0.24,0,0,0,0.97,0,0.81,0,0,0,1.92,0,1.84,0,0,0,1,0,1
4,-13,120,7,747415,0,0,0,1.34,0,2,0,0,0,0.91,0,0.98,0,0,0,1.92,0,2.04,0,0,0,1,0,1
4,-72,-65,8,756062,0,0,0,1.52,0,1.33,0,0,0,0.93,0,0.96,0,0,0,1.94,0,1.87,0,0,0,1,0,1
4,0,0,7,831135,0,0,0,2.06,0,2.2,0,0,0,1.03,0,1.03,0,0,0,2.02,0,2.02,0,0,0,1,0,1
4,0,0,9,779116,0,0,0,1.82,0,1.62,0,0,0,0.94,0,1.05,0,0,0,2.02,0,1.9,0,0,0,1,0,1
4,71,-50,9,835889,0,0,0,2.04,0,1.13,0,0,0,1.08,0,0.89,0,0,0,2.02,0,1.95,0,0,0,1,0,1
4,71,-50,9,773353,0,0,0,1.64,0,1.22,0,0,0,0.97,0,0.92,0,0,0,1.93,0,1.96,0,0,0,1,0,1
4,-80,99,9,796839,0,0,0,2.07,0,1.35,0,0,0,1.02,0,0.88,0,0,0,1.99,0,1.93,0,0,0,1,0,1
4,-13,120,10,854621,0,0,0,2.29,0,2.3,0,0,0,1.08,0,0.99,0,0,0,2.08,0,2.09,0,0,0,1,0,1
4,-13,120,9,801308,0,0,0,1.84,0,1.34,0,0,0,1,0,0.97,0,0,0,1.99,0,2.01,0,0,0,1,0,1
4,-13,120,7,737905,0,0,0,1.37,0,0.38,0,0,0,0.94,0,0.83,0,0,0,1.89,0,1.87,0,0,0,1,0,1
4,71,-50,8,812978,0,0,0,2.53,0,1.19,0,0,0,1.04,0,0.9,0,0,0,2.01,0,1.97,0,0,0,1,0,1
4,71,-50,7,773497,0,0,0,1.47,0,1.91,0,0,0,0.94,0,1.02,0,0,0,1.95,0,2.02,0,0,0,1,0,1
4,71,-50,9,797129,0,0,0,1.61,0,2.29,0,0,0,0.96,0,1.08,0,0,0,1.95,0,2.04,0,0,0,1,0,1
4,0,0,9,814996,0,0,0,1.56,0,1.89,0,0,0,1.01,0,1.01,0,0,0,1.98,0,1.99,0,0,0,1,0,1
4,-80,99,8,762834,0,0,0,1.28,0,0.89,0,0,0,0.95,0,0.93,0,0,0,1.92,0,1.87,0,0,0,1,0,1
4,71,-50,10,824937,0,0,0,1.9,0,2.02,0,0,0,1.02,0,1.03,0,0,0,1.95,0,2.03,0,0,0,1,0,1
4,0,0,7,786466,0,0,0,1.2,0,1.95,0,0,0,0.97,0,0.99,0,0,0,1.92,0,2.03,0,0,0,1,0,1
4,0,0,4,689058,0,0,0,1.07,0,0.96,0,0,0,0.84,0,0.9,0,0,0,1.93,0,1.92,0,0,0,1,0,1
4,-13,120,10,808656,0,0,0,1.78,0,1.42,0,0,0,1.03,0,0.91,0,0,0,1.98,0,1.92,0,0,0,1,0,1
4,0,0,10,811825,0,0,0,2.38,0,1.51,0,0,0,1.02,0,0.96,0,0,0,1.97,0,1.97,0,0,0,1,0,1
4,0,0,7,754909,0,0,0,1.31,0,1.92,0,0,0,0.91,0,1.02,0,0,0,1.91,0,2,0,0,0,1,0,1
4,-82,34,10,791365,0,0,0,1.41,0,1.76,0,0,0,0.99,0,0.95,0,0,0,1.95,0,1.94,0,0,0,1,0,1
4,-72,-65,9,756638,0,0,0,1.45,0,1.81,0,0,0,0.94,0,0.93,0,0,0,1.94,0,1.95,0,0,0,1,0,1
4,17,71,10,772777,0,0,0,1.98,0,1.75,0,0,0,0.96,0,0.95,0,0,0,2.01,0,1.96,0,0,0,1,0,1
4,56,1,5,760816,0,0,0,1.45,0,0.31,0,0,0,0.98,0,0.82,0,0,0,1.97,0,1.85,0,0,0,1,0,1
4,-13,120,5,725513,0,0,0,1.19,0,0.32,0,0,0,0.92,0,0.83,0,0,0,1.93,0,1.76,0,0,0,1,0,1
4,0,0,7,747415,0,0,0,1.45,0,1.49,0,0,0,0.91,0,0.98,0,0,0,1.97,0,1.95,0,0,0,1,0,1
4,-80,99,9,741220,0,0,0,0.84,0,1.87,0,0,0,0.9,0,0.98,0,0,0,1.85,0,2.01,0,0,0,1,0,1
4,-13,120,8,787618,0,0,0,1.41,0,1.72,0,0,0,0.99,0,0.93,0,0,0,1.94,0,1.94,0,0,0,1,0,1
4,71,-50,5,778252,0,0,0,2.06,0,0.81,0,0,0,0.99,0,0.88,0,0,0,2.05,0,1.88,0,0,0,1,0,1
4,71,-50,7,708223,0,0,0,1.16,0,0.95,0,0,0,0.88,0,0.87,0,0,0,1.97,0,1.88,0,0,0,1,0,1
4,71,-50,7,791365,0,0,0,1.8,0,1.5,0,0,0,0.99,0,0.95,0,0,0,1.96,0,1.96,0,0,0,1,0,1
4,0,0,7,742949,0,0,0,1.27,0,0.8,0,0,0,0.93,0,0.89,0,0,0,1.92,0,1.86,0,0,0,1,0,1
4,0,0,9,812403,0,0,0,1.48,0,1.61,0,0,0,1.03,0,0.93,0,0,0,1.93,0,2.02,0,0,0,1,0,1
4,0,0,10,779549,0,0,0,1.04,0,1.29,0,0,0,0.98,0,0.92,0,0,0,1.9,0,1.89,0,0,0,1,0,1
4,56,1,10,827388,0,0,0,2.36,0,1.72,0,0,0,1.03,0,1.01,0,0,0,1.97,0,2.03,0,0,0,1,0,1
4,-82,34,10,797561,0,0,0,1.8,0,1.35,0,0,0,1,0,0.95,0,0,0,2.03,0,1.98,0,0,0,1,0,1
4,-80,99,10,828542,0,0,0,1.91,0,1.56,0,0,0,1.05,0,0.95,0,0,0,2,0,1.94,0,0,0,1,0,1
4,71,-50,0,745974,0,0,0,1.29,0,0.78,0,0,0,0.95,0,0.84,0,0,0,1.93,0,1.92,0,0,0,1,0,1
4,-72,-65,7,779549,0,0,0,1.47,0,1.26,0,0,0,0.98,0,0.92,0,0,0,1.96,0,1.87,0,0,0,1,0,1
4,56,1,9,783296,0,0,0,1.42,0,1.26,0,0,0,0.98,0,0.94,0,0,0,1.93,0,1.92,0,0,0,1,0,1
4,71,-50,8,770904,0,0,0,1.5,0,1.16,0,0,0,0.96,0,0.94,0,0,0,1.9,0,1.95,0,0,0,1,0,1
4,-13,120,8,796839,0,0,0,2.27,0,1.08,0,0,0,1.02,0,0.88,0,0,0,2.04,0,1.86,0,0,0,1,0,1
4,15,-63,10,751018,0,0,0,1.62,0,1.39,0,0,0,0.94,0,0.9,0,0,0,1.98,0,1.93,0,0,0,1,0,1
4,0,0,8,785312,0,0,0,1.87,0,2.47,0,0,0,0.95,0,1.05,0,0,0,2.02,0,2.04,0,0,0,1,0,1
4,-82,34,9,782720,0,0,0,1.8,0,1.85,0,0,0,0.97,0,0.97,0,0,0,1.98,0,1.96,0,0,0,1,0,1
4,71,-50,7,734879,0,0,0,0.78,0,1.01,0,0,0,0.92,0,0.88,0,0,0,1.85,0,1.93,0,0,0,1,0,1
4,71,-50,7,808656,0,0,0,2.44,0,1.26,0,0,0,1.03,0,0.91,0,0,0,2.07,0,1.92,0,0,0,1,0,1
4,71,-50,8,725513,0,0,0,1.74,0,0.85,0,0,0,0.92,0,0.83,0,0,0,2.01,0,1.89,0,0,0,1,0,1
4,71,-50,8,805630,0,0,0,1.97,0,1.73,0,0,0,1.01,0,0.96,0,0,0,2.02,0,1.94,0,0,0,1,0,1
4,-80,99,10,754765,0,0,0,1.14,0,1.11,0,0,0,0.94,0,0.92,0,0,0,1.87,0,1.85,0,0,0,1,0,1
4,-80,99,7,805773,0,0,0,1.44,0,2.06,0,0,0,0.98,0,1.06,0,0,0,1.92,0,2.03,0,0,0,1,0,1
4,71,-50,9,778395,0,0,0,1.95,0,2.1,0,0,0,0.96,0,0.98,0,0,0,2.02,0,1.97,0,0,0,1,0,1
4,-82,34,10,785168,0,0,0,1.76,0,1.64,0,0,0,0.98,0,0.95,0,0,0,2.03,0,2.01,0,0,0,1,0,1
4,71,-50,8,781566,0,0,0,1.48,0,1.86,0,0,0,0.95,0,1.03,0,0,0,1.95,0,2.02,0,0,0,1,0,1
4,-13,120,7,787762,0,0,0,1.55,0,1.9,0,0,0,0.96,0,1.03,0,0,0,1.94,0,2.05,0,0,0,1,0,1
4,71,-50,8,760384,0,0,0,1.11,0,1.6,0,0,0,0.94,0,0.95,0,0,0,1.9,0,1.98,0,0,0,1,0,1
4,15,-63,10,841077,0,0,0,2.42,0,2.27,0,0,0,1.04,0,1.05,0,0,0,2.06,0,2,0,0,0,1,0,1
4,0,0,8,778395,0,0,0,1.47,0,2.01,0,0,0,0.96,0,0.98,0,0,0,1.96,0,1.98,0,0,0,1,0,1
4,-13,120,2,672198,0,0,0,0.77,0,0.25,0,0,0,0.84,0,0.81,0,0,0,1.85,0,1.84,0,0,0,1,0,1
4,15,-63,10,791509,0,0,0,1.7,0,2.17,0,0,0,0.96,0,1.05,0,0,0,1.98,0,1.96,0,0,0,1,0,1
4,-80,99,7,726235,0,0,0,1.18,0,1.59,0,0,0,0.9,0,0.9,0,0,0,1.91,0,2,0,0,0,1,0,1
4,-80,99,7,732861,0,0,0,1.32,0,0.32,0,0,0,0.95,0,0.77,0,0,0,1.97,0,1.83,0,0,0,1,0,1
4,0,0,9,803325,0,0,0,1.27,0,2.21,0,0,0,0.97,0,1.08,0,0,0,1.93,0,2.09,0,0,0,1,0,1
4,0,0,9,812546,0,0,0,1.63,0,2.14,0,0,0,1,0,1.03,0,0,0,1.98,0,1.97,0,0,0,1,0,1
4,17,71,10,819318,0,0,0,1.86,0,1.85,0,0,0,1.02,0,1,0,0,0,1.97,0,2,0,0,0,1,0,1
4,0,0,7,792661,0,0,0,1.83,0,1.76,0,0,0,0.98,0,0.99,0,0,0,1.96,0,1.96,0,0,0,1,0,1
4,0,0,9,810530,0,0,0,2.61,0,0.99,0,0,0,1.03,0,0.92,0,0,0,2.08,0,1.87,0,0,0,1,0,1
4,0,0,7,797561,0,0,0,2.02,0,1.5,0,0,0,1,0,0.95,0,0,0,1.98,0,1.96,0,0,0,1,0,1
4,71,-50,10,792517,0,0,0,2.13,0,1.27,0,0,0,1.01,0,0.89,0,0,0,1.97,0,1.94,0,0,0,1,0,1
4,56,1,10,774650,0,0,0,1.79,0,1.86,0,0,0,0.96,0,0.96,0,0,0,1.94,0,2.01,0,0,0,1,0,1
4,71,-50,9,729405,0,0,0,1.43,0,1.66,0,0,0,0.89,0,0.95,0,0,0,1.95,0,2,0,0,0,1,0,1
4,-80,99,3,649288,0,0,0,0.29,0,0.44,0,0,0,0.8,0,0.82,0,0,0,1.8,0,1.82,0,0,0,1,0,1
4,-80,99,10,753035,0,0,0,0.99,0,2.08,0,0,0,0.91,0,1.01,0,0,0,1.9,0,2.04,0,0,0,1,0,1
4,56,1,9,839780,0,0,0,2.63,0,1.99,0,0,0,1.05,0,1.01,0,0,0,2.11,0,1.97,0,0,0,1,0,1
4,17,71,9,775802,0,0,0,1.65,0,1.31,0,0,0,0.98,0,0.9,0,0,0,1.94,0,1.92,0,0,0,1,0,1
4,17,71,10,833583,0,0,0,2.21,0,2.55,0,0,0,1.04,0,1.01,0,0,0,2.05,0,1.98,0,0,0,1,0,1
4,-80,99,9,750587,0,0,0,0.63,0,1.96,0,0,0,0.9,0,1.03,0,0,0,1.83,0,2.02,0,0,0,1,0,1
4,0,0,7,812403,0,0,0,2.13,0,1.11,0,0,0,1.03,0,0.93,0,0,0,1.97,0,1.88,0,0,0,1,0,1
4,0,0,9,798713,0,0,0,1.87,0,1.03,0,0,0,1.02,0,0.89,0,0,0,2.01,0,1.88,0,0,0,1,0,1
4,-80,99,10,757214,0,0,0,0.99,0,0.79,0,0,0,0.95,0,0.9,0,0,0,1.91,0,1.82,0,0,0,1,0,1
4,0,0,10,796984,0,0,0,1.96,0,1.66,0,0,0,0.99,0,0.98,0,0,0,2.04,0,2,0,0,0,1,0,1
4,71,-50,10,851021,0,0,0,1.88,0,2.05,0,0,0,1.05,0,1.07,0,0,0,2.01,0,2,0,0,0,1,0,1
4,71,-50,10,804477,0,0,0,2.02,0,1.97,0,0,0,0.99,0,1.02,0,0,0,1.99,0,2.04,0,0,0,1,0,1
4,71,-50,2,718165,0,0,0,0.52,0,0.93,0,0,0,0.89,0,0.89,0,0,0,1.82,0,1.85,0,0,0,1,0,1
4,0,0,10,836177,0,0,0,2.47,0,2.39,0,0,0,1.02,0,1.09,0,0,0,2.06,0,2.04,0,0,0,1,0,1
4,0,0,9,777819,0,0,0,1.76,0,2.29,0,0,0,0.95,0,1.01,0,0,0,2.03,0,2.07,0,0,0,1,0,1
4,0,0,8,845976,0,0,0,2.29,0,2.26,0,0,0,1.06,0,1.01,0,0,0,2.03,0,2.05,0,0,0,1,0,1
4,17,71,7,787041,0,0,0,1.76,0,1.5,0,0,0,0.98,0,0.96,0,0,0,1.91,0,1.91,0,0,0,1,0,1
4,-13,120,9,738626,0,0,0,1.35,0,1.22,0,0,0,0.92,0,0.9,0,0,0,1.99,0,1.96,0,0,0,1,0,1
4,71,-50,10,850299,0,0,0,1.89,0,1.82,0,0,0,1.07,0,1,0,0,0,1.98,0,1.93,0,0,0,1,0,1
4,15,-63,9,807504,0,0,0,1.8,0,1.55,0,0,0,1.01,0,0.97,0,0,0,1.97,0,1.99,0,0,0,1,0,1
4,71,-50,9,779549,0,0,0,2.2,0,0.89,0,0,0,0.98,0,0.92,0,0,0,2.07,0,1.91,0,0,0,1,0,1
4,-13,120,10,838484,0,0,0,2.03,0,1.68,0,0,0,1.06,0,0.97,0,0,0,1.98,0,1.95,0,0,0,1,0,1
4,71,-50,8,829838,0,0,0,2.16,0,1.4,0,0,0,1.04,0,0.99,0,0,0,2.06,0,1.89,0,0,0,1,0,1
4,0,0,9,758512,0,0,0,1.15,0,1.84,0,0,0,0.94,0,0.94,0,0,0,1.93,0,1.98,0,0,0,1,0,1
4,-80,99,10,822345,0,0,0,1.97,0,1.51,0,0,0,1.04,0,0.95,0,0,0,2,0,1.99,0,0,0,1,0,1
4,0,0,4,788194,0,0,0,1.61,0,0.87,0,0,0,1,0,0.9,0,0,0,1.96,0,1.91,0,0,0,1,0,1
4,-80,99,7,776524,0,0,0,1.76,0,0.91,0,0,0,0.96,0,0.97,0,0,0,1.94,0,1.92,0,0,0,1,0,1
4,17,71,10,867734,0,0,0,2.73,0,2.21,0,0,0,1.08,0,1.06,0,0,0,2.08,0,2.02,0,0,0,1,0,1
4,15,-63,7,735024,0,0,0,1.14,0,2.23,0,0,0,0.89,0,0.98,0,0,0,1.93,0,2.02,0,0,0,1,0,1
4,-80,99,0,662976,0,0,0,0.13,0,0.07,0,0,0,0.81,0,0.86,0,0,0,1.84,0,1.81,0,0,0,1,0,1
4,-80,99,7,700874,0,0,0,0.97,0,1.33,0,0,0,0.85,0,0.93,0,0,0,1.97,0,1.9,0,0,0,1,0,1
4,17,71,0,696406,0,0,0,0.78,0,0.26,0,0,0,0.87,0,0.84,0,0,0,1.85,0,1.78,0,0,0,1,0,1
4,71,-50,5,694678,0,0,0,1,0,0.85,0,0,0,0.84,0,0.93,0,0,0,1.97,0,1.92,0,0,0,1,0,1
4,-82,34,9,773353,0,0,0,1.76,0,0.88,0,0,0,0.97,0,0.92,0,0,0,1.93,0,1.97,0,0,0,1,0,1
4,0,0,9,823064,0,0,0,2.33,0,2,0,0,0,1.02,0,1.02,0,0,0,2.02,0,1.95,0,0,0,1,0,1
4,-80,99,9,734303,0,0,0,1.53,0,0.83,0,0,0,0.91,0,0.91,0,0,0,1.92,0,1.87,0,0,0,1,0,1
4,0,0,10,791365,0,0,0,2.06,0,1.22,0,0,0,0.99,0,0.95,0,0,0,2.02,0,1.91,0,0,0,1,0,1
4,15,-63,9,777675,0,0,0,1.43,0,1.25,0,0,0,0.98,0,0.91,0,0,0,1.91,0,1.91,0,0,0,1,0,1
4,0,0,10,848426,0,0,0,2.52,0,1.87,0,0,0,1.07,0,0.99,0,0,0,2.04,0,1.98,0,0,0,1,0,1
4,-13,120,9,766580,0,0,0,1.32,0,1.68,0,0,0,0.95,0,0.95,0,0,0,1.95,0,2,0,0,0,1,0,1
4,-13,120,2,661103,0,0,0,0.37,0,0.23,0,0,0,0.81,0,0.85,0,0,0,1.81,0,1.76,0,0,0,1,0,1
4,-13,120,9,788194,0,0,0,1.98,0,1.11,0,0,0,1,0,0.9,0,0,0,1.99,0,1.94,0,0,0,1,0,1
4,-72,-65,10,726378,0,0,0,0.93,0,2.36,0,0,0,0.87,0,1,0,0,0,1.96,0,1.98,0,0,0,1,0,1
4,71,-50,9,832431,0,0,0,1.82,0,2.01,0,0,0,1.02,0,1.07,0,0,0,1.91,0,2,0,0,0,1,0,1
4,71,-50,8,777100,0,0,0,1.61,0,1.88,0,0,0,0.97,0,0.94,0,0,0,1.99,0,2,0,0,0,1,0,1
4,-80,99,9,742949,0,0,0,1.27,0,1.12,0,0,0,0.93,0,0.89,0,0,0,1.93,0,1.88,0,0,0,1,0,1
4,-82,34,7,811825,0,0,0,2.14,0,1.31,0,0,0,1.02,0,0.96,0,0,0,2.04,0,1.95,0,0,0,1,0,1
4,-72,-65,9,759231,0,0,0,1.32,0,1.48,0,0,0,0.92,0,1.01,0,0,0,1.96,0,1.93,0,0,0,1,0,1
4,-13,120,10,748569,0,0,0,1.63,0,1.38,0,0,0,0.93,0,0.92,0,0,0,1.99,0,1.93,0,0,0,1,0,1
4,15,-63,7,767877,0,0,0,1.22,0,1.7,0,0,0,0.94,0,0.99,0,0,0,1.92,0,1.89,0,0,0,1,0,1
4,-80,99,8,769030,0,0,0,1.45,0,0.76,0,0,0,0.96,0,0.93,0,0,0,1.91,0,1.84,0,0,0,1,0,1
4,-13,120,5,702026,0,0,0,0.93,0,0.88,0,0,0,0.87,0,0.87,0,0,0,1.87,0,1.88,0,0,0,1,0,1
4,56,1,0,730988,0,0,0,1.32,0,0.17,0,0,0,0.95,0,0.76,0,0,0,1.93,0,1.83,0,0,0,1,0,1
4,71,-50,10,829262,0,0,0,2.46,0,1.74,0,0,0,1.03,0,1.02,0,0,0,2.08,0,2.03,0,0,0,1,0,1
4,17,71,7,800010,0,0,0,2.15,0,0.96,0,0,0,1.01,0,0.93,0,0,0,2.02,0,1.87,0,0,0,1,0,1
4,-13,120,9,774650,0,0,0,1.02,0,1.71,0,0,0,0.96,0,0.96,0,0,0,1.89,0,2,0,0,0,1,0,1
4,0,0,9,811970,0,0,0,1.97,0,2.56,0,0,0,0.99,0,1.06,0,0,0,1.99,0,2.08,0,0,0,1,0,1
4,0,0,10,749865,0,0,0,1.43,0,1.62,0,0,0,0.92,0,0.96,0,0,0,1.96,0,1.98,0,0,0,1,0,1
4,17,71,10,772921,0,0,0,1.46,0,2.26,0,0,0,0.93,0,1.05,0,0,0,1.99,0,2.03,0,0,0,1,0,1
4,-72,-65,7,754765,0,0,0,1.66,0,1,0,0,0,0.94,0,0.92,0,0,0,1.93,0,1.94,0,0,0,1,0,1
4,-13,120,9,741220,0,0,0,0.99,0,1.79,0,0,0,0.9,0,0.98,0,0,0,1.91,0,2.04,0,0,0,1,0,1
4,-80,99,3,738050,0,0,0,0.62,0,0.98,0,0,0,0.91,0,0.93,0,0,0,1.87,0,1.92,0,0,0,1,0,1
4,0,0,9,766003,0,0,0,1.47,0,1.36,0,0,0,0.94,0,0.98,0,0,0,1.98,0,1.98,0,0,0,1,0,1
4,56,1,9,793958,0,0,0,1.26,0,2.53,0,0,0,0.97,0,1.03,0,0,0,1.89,0,2.01,0,0,0,1,0,1
4,71,-50,3,772777,0,0,0,1.2,0,1.23,0,0,0,0.96,0,0.95,0,0,0,1.9,0,1.91,0,0,0,1,0,1
4,71,-50,8,717733,0,0,0,0.85,0,1.62,0,0,0,0.85,0,1.02,0,0,0,1.91,0,1.95,0,0,0,1,0,1
4,-72,-65,8,764708,0,0,0,1.39,0,0.98,0,0,0,0.95,0,0.94,0,0,0,1.94,0,1.94,0,0,0,1,0,1
4,-80,99,7,721911,0,0,0,1.4,0,1.06,0,0,0,0.89,0,0.91,0,0,0,1.97,0,1.9,0,0,0,1,0,1
4,-13,120,8,806206,0,0,0,2.23,0,1.04,0,0,0,1.02,0,0.93,0,0,0,2.02,0,1.98,0,0,0,1,0,1
4,71,-50,10,802459,0,0,0,1.71,0,1.19,0,0,0,1.02,0,0.91,0,0,0,1.92,0,1.9,0,0,0,1,0,1
4,0,0,9,822922,0,0,0,2.43,0,1.06,0,0,0,1.05,0,0.92,0,0,0,2.05,0,1.89,0,0,0,1,0,1
4,17,71,10,819897,0,0,0,2.07,0,1.68,0,0,0,1.03,0,0.97,0,0,0,2.04,0,1.97,0,0,0,1,0,1
4,-13,120,10,827388,0,0,0,2.74,0,1.99,0,0,0,1.03,0,1.01,0,0,0,2.12,0,2.05,0,0,0,1,0,1
4,-72,-65,9,739348,0,0,0,1.5,0,1.36,0,0,0,0.9,0,0.97,0,0,0,1.95,0,1.93,0,0,0,1,0,1
4,-13,120,1,731855,0,0,0,1.04,0,0.99,0,0,0,0.9,0,0.93,0,0,0,1.93,0,1.88,0,0,0,1,0,1
4,71,-50,10,801308,0,0,0,1.77,0,1.8,0,0,0,1,0,0.97,0,0,0,1.96,0,1.98,0,0,0,1,0,1
4,71,-50,7,708223,0,0,0,1.34,0,0.46,0,0,0,0.88,0,0.87,0,0,0,1.96,0,1.82,0,0,0,1,0,1
4,17,71,9,784015,0,0,0,1.61,0,1.69,0,0,0,0.96,0,1.01,0,0,0,1.94,0,1.99,0,0,0,1,0,1
4,17,71,10,715140,0,0,0,1.06,0,1.24,0,0,0,0.87,0,0.94,0,0,0,1.87,0,1.96,0,0,0,1,0,1
4,-13,120,10,839061,0,0,0,2.25,0,0.96,0,0,0,1.07,0,0.94,0,0,0,2.05,0,1.88,0,0,0,1,0,1
4,17,71,7,736608,0,0,0,1.59,0,0.16,0,0,0,0.95,0,0.79,0,0,0,1.95,0,1.85,0,0,0,1,0,1
4,15,-63,9,757936,0,0,0,1.44,0,1.6,0,0,0,0.93,0,0.97,0,0,0,2,0,1.94,0,0,0,1,0,1
4,-72,-65,10,797129,0,0,0,2.09,0,2.69,0,0,0,0.96,0,1.08,0,0,0,2.02,0,2.12,0,0,0,1,0,1
4,71,-50,1,718165,0,0,0,1.17,0,0.82,0,0,0,0.89,0,0.89,0,0,0,1.95,0,1.87,0,0,0,1,0,1
4,0,0,6,749865,0,0,0,1.4,0,1.15,0,0,0,0.92,0,0.96,0,0,0,1.97,0,1.97,0,0,0,1,0,1
4,71,-50,10,777819,0,0,0,1.52,0,2.25,0,0,0,0.95,0,1.01,0,0,0,1.95,0,1.97,0,0,0,1,0,1
4,17,71,9,753035,0,0,0,1.39,0,2.08,0,0,0,0.91,0,1.01,0,0,0,1.97,0,2.02,0,0,0,1,0,1
4,71,-50,8,784015,0,0,0,1.85,0,1.75,0,0,0,0.96,0,1.01,0,0,0,2.01,0,1.96,0,0,0,1,0,1
4,71,-50,8,808656,0,0,0,2.27,0,1.18,0,0,0,1.03,0,0.91,0,0,0,2.03,0,1.93,0,0,0,1,0,1
4,0,0,7,761537,0,0,0,1.87,0,0.81,0,0,0,0.96,0,0.89,0,0,0,2.01,0,1.89,0,0,0,1,0,1
4,-80,99,7,775227,0,0,0,1.32,0,1.13,0,0,0,0.97,0,0.93,0,0,0,1.9,0,1.91,0,0,0,1,0,1
4,71,-50,9,845976,0,0,0,2.33,0,1.64,0,0,0,1.06,0,1.01,0,0,0,2.01,0,1.98,0,0,0,1,0,1
4,-72,-65,7,731278,0,0,0,1.17,0,1.83,0,0,0,0.89,0,0.96,0,0,0,1.98,0,2.06,0,0,0,1,0,1
4,0,0,7,718885,0,0,0,1.39,0,1.97,0,0,0,0.87,0,0.96,0,0,0,1.95,0,2.05,0,0,0,1,0,1
4,0,0,8,781422,0,0,0,1.57,0,1.11,0,0,0,0.98,0,0.93,0,0,0,2.04,0,1.9,0,0,0,1,0,1
4,-80,99,9,846552,0,0,0,1.76,0,1.33,0,0,0,1.07,0,0.98,0,0,0,1.93,0,1.9,0,0,0,1,0,1
4,0,0,10,772055,0,0,0,1.37,0,1.26,0,0,0,0.98,0,0.88,0,0,0,1.97,0,1.92,0,0,0,1,0,1
4,15,-63,1,746120,0,0,0,0.96,0,1.39,0,0,0,0.92,0,0.94,0,0,0,1.87,0,1.91,0,0,0,1,0,1
4,0,0,9,715859,0,0,0,0.83,0,1.5,0,0,0,0.85,0,1.01,0,0,0,1.83,0,1.93,0,0,0,1,0,1
4,-82,34,7,801884,0,0,0,1.86,0,1.3,0,0,0,1.01,0,0.94,0,0,0,2,0,1.9,0,0,0,1,0,1
4,17,71,9,797561,0,0,0,2.26,0,1.77,0,0,0,1,0,0.95,0,0,0,2.06,0,1.98,0,0,0,1,0,1
4,15,-63,9,770471,0,0,0,1.5,0,2.19,0,0,0,0.92,0,1.07,0,0,0,1.92,0,1.98,0,0,0,1,0,1
4,-80,99,10,800731,0,0,0,1.95,0,2.17,0,0,0,0.99,0,1,0,0,0,1.96,0,2.01,0,0,0,1,0,1
4,-72,-65,9,776379,0,0,0,1.64,0,1,0,0,0,0.99,0,0.87,0,0,0,1.97,0,1.88,0,0,0,1,0,1
4,-80,99,2,675369,0,0,0,0.24,0,1.06,0,0,0,0.83,0,0.86,0,0,0,1.84,0,1.9,0,0,0,1,0,1
4,56,1,4,711969,0,0,0,0.63,0,0.99,0,0,0,0.88,0,0.89,0,0,0,1.82,0,1.93,0,0,0,1,0,1
4,-13,120,0,737905,0,0,0,0.77,0,0.73,0,0,0,0.94,0,0.83,0,0,0,1.91,0,1.93,0,0,0,1,0,1
4,17,71,7,728108,0,0,0,0.93,0,1.43,0,0,0,0.9,0,0.91,0,0,0,1.98,0,1.98,0,0,0,1,0,1
4,-80,99,10,724937,0,0,0,1.32,0,0.73,0,0,0,0.91,0,0.86,0,0,0,1.87,0,1.85,0,0,0,1,0,1
4,17,71,8,761104,0,0,0,1.6,0,1.64,0,0,0,0.92,0,1.02,0,0,0,1.91,0,1.94,0,0,0,1,0,1
4,0,0,7,693236,0,0,0,1.24,0,0.37,0,0,0,0.88,0,0.79,0,0,0,1.89,0,1.88,0,0,0,1,0,1
4,0,0,7,749145,0,0,0,1.08,0,0.88,0,0,0,0.94,0,0.89,0,0,0,1.9,0,1.91,0,0,0,1,0,1
4,0,0,7,726235,0,0,0,0.95,0,0.96,0,0,0,0.9,0,0.9,0,0,0,1.94,0,1.95,0,0,0,1,0,1
4,-82,34,10,828684,0,0,0,1.66,0,2.09,0,0,0,1.02,0,1.05,0,0,0,1.95,0,1.99,0,0,0,1,0,1
4,-13,120,9,868167,0,0,0,2.55,0,1.19,0,0,0,1.12,0,0.93,0,0,0,2.11,0,1.97,0,0,0,1,0,1
4,-82,34,7,749720,0,0,0,1.54,0,0.66,0,0,0,0.95,0,0.86,0,0,0,1.96,0,1.88,0,0,0,1,0,1
4,17,71,10,779549,0,0,0,1.73,0,1.55,0,0,0,0.98,0,0.92,0,0,0,1.95,0,1.95,0,0,0,1,0,1
4,-72,-65,7,699001,0,0,0,0.87,0,1.54,0,0,0,0.85,0,0.92,0,0,0,1.9,0,1.93,0,0,0,1,0,1
4,-13,120,7,709375,0,0,0,1.08,0,0.28,0,0,0,0.9,0,0.81,0,0,0,1.92,0,1.84,0,0,0,1,0,1
4,-80,99,10,836177,0,0,0,1.96,0,2.18,0,0,0,1.02,0,1.09,0,0,0,2.1,0,2.05,0,0,0,1,0,1
4,17,71,5,659230,0,0,0,0.3,0,0.58,0,0,0,0.81,0,0.84,0,0,0,1.8,0,1.83,0,0,0,1,0,1
4,-72,-65,8,798137,0,0,0,1.76,0,1.48,0,0,0,1.01,0,0.92,0,0,0,1.97,0,1.92,0,0,0,1,0,1
4,15,-63,9,766580,0,0,0,1.41,0,1.72,0,0,0,0.95,0,0.95,0,0,0,1.96,0,1.96,0,0,0,1,0,1
4,-82,34,3,777530,0,0,0,1.55,0,0.53,0,0,0,1.01,0,0.81,0,0,0,2.01,0,1.88,0,0,0,1,0,1
4,-13,120,10,813699,0,0,0,2.1,0,0.98,0,0,0,1.02,0,0.97,0,0,0,2,0,1.88,0,0,0,1,0,1
4,0,0,10,748714,0,0,0,0.97,0,2.5,0,0,0,0.9,0,1.02,0,0,0,1.88,0,2.05,0,0,0,1,0,1
4,17,71,9,787473,0,0,0,2.59,0,0.85,0,0,0,1.02,0,0.83,0,0,0,2.08,0,1.97,0,0,0,1,0,1
4,17,71,9,804477,0,0,0,1.68,0,1.95,0,0,0,0.99,0,1.02,0,0,0,1.93,0,1.99,0,0,0,1,0,1
4,17,71,10,787041,0,0,0,1.43,0,1.24,0,0,0,0.98,0,0.96,0,0,0,1.94,0,1.92,0,0,0,1,0,1
4,0,0,9,842230,0,0,0,2.01,0,1.93,0,0,0,1.06,0,0.99,0,0,0,2,0,1.95,0,0,0,1,0,1
4,17,71,9,805053,0,0,0,2.05,0,1.72,0,0,0,1,0,0.99,0,0,0,2.03,0,2.01,0,0,0,1,0,1
4,-72,-65,7,745544,0,0,0,1.01,0,1.64,0,0,0,0.91,0,0.97,0,0,0,1.85,0,1.9,0,0,0,1,0,1
4,-80,99,10,813699,0,0,0,2.04,0,1.29,0,0,0,1.02,0,0.97,0,0,0,2.02,0,1.96,0,0,0,1,0,1
4,0,0,8,834882,0,0,0,1.89,0,1.88,0,0,0,1.03,0,1.05,0,0,0,1.98,0,1.94,0,0,0,1,0,1
4,71,-50,7,818166,0,0,0,1.79,0,2.31,0,0,0,1,0,1.06,0,0,0,2.01,0,2.02,0,0,0,1,0,1
4,-72,-65,8,799434,0,0,0,1.37,0,1.54,0,0,0,1,0,0.96,0,0,0,1.94,0,1.97,0,0,0,1,0,1
4,0,0,9,803757,0,0,0,2.08,0,1.49,0,0,0,1.01,0,0.95,0,0,0,2.01,0,1.95,0,0,0,1,0,1
4,71,-50,8,808224,0,0,0,2.07,0,2.15,0,0,0,0.99,0,1.04,0,0,0,2.07,0,2.03,0,0,0,1,0,1
4,15,-63,10,791365,0,0,0,2.23,0,1.35,0,0,0,0.99,0,0.95,0,0,0,1.96,0,1.86,0,0,0,1,0,1
4,-72,-65,8,706926,0,0,0,0.53,0,0.4,0,0,0,0.89,0,0.83,0,0,0,1.81,0,1.86,0,0,0,1,0,1
4,71,-50,8,800010,0,0,0,1.98,0,1.66,0,0,0,1.01,0,0.93,0,0,0,1.99,0,1.97,0,0,0,1,0,1
4,-72,-65,9,791365,0,0,0,1.72,0,0.98,0,0,0,0.99,0,0.95,0,0,0,1.96,0,1.88,0,0,0,1,0,1
4,15,-63,9,707646,0,0,0,1.11,0,0.79,0,0,0,0.87,0,0.9,0,0,0,1.88,0,1.85,0,0,0,1,0,1
4,71,-50,9,806926,0,0,0,2.34,0,2.1,0,0,0,1,0,1,0,0,0,2.06,0,2.03,0,0,0,1,0,1
4,71,-50,9,778252,0,0,0,2.15,0,1.32,0,0,0,0.99,0,0.88,0,0,0,2,0,1.96,0,0,0,1,0,1
4,15,-63,8,800731,0,0,0,1.81,0,2.04,0,0,0,0.99,0,1,0,0,0,2.01,0,2,0,0,0,1,0,1
4,-80,99,9,754909,0,0,0,1.12,0,2.18,0,0,0,0.91,0,1.02,0,0,0,1.95,0,2.01,0,0,0,1,0,1
4,0,0,7,765427,0,0,0,1.54,0,1.89,0,0,0,0.93,0,1.01,0,0,0,1.99,0,2.04,0,0,0,1,0,1
4,15,-63,2,671477,0,0,0,0.94,0,0.15,0,0,0,0.86,0,0.74,0,0,0,1.9,0,1.84,0,0,0,1,0,1
4,-72,-65,5,742373,0,0,0,1.27,0,1.09,0,0,0,0.92,0,0.92,0,0,0,2,0,1.88,0,0,0,1,0,1
4,56,1,6,724362,0,0,0,1.07,0,0.59,0,0,0,0.9,0,0.89,0,0,0,1.92,0,1.87,0,0,0,1,0,1
4,0,0,0,667300,0,0,0,0.11,0,0.59,0,0,0,0.82,0,0.85,0,0,0,1.79,0,1.84,0,0,0,1,0,1
4,0,0,7,726810,0,0,0,0.6,0,0.66,0,0,0,0.91,0,0.87,0,0,0,1.86,0,1.95,0,0,0,1,0,1
4,15,-63,7,837187,0,0,0,2.16,0,0.87,0,0,0,1.07,0,0.93,0,0,0,2.01,0,1.88,0,0,0,1,0,1
4,56,1,6,672920,0,0,0,1,0,0.89,0,0,0,0.82,0,0.88,0,0,0,1.87,0,1.87,0,0,0,1,0,1
4,15,-63,9,741796,0,0,0,1.04,0,1.21,0,0,0,0.91,0,0.95,0,0,0,1.87,0,1.95,0,0,0,1,0,1
4,0,0,9,718309,0,0,0,1.21,0,1.54,0,0,0,0.86,0,0.99,0,0,0,1.89,0,1.92,0,0,0,1,0,1
4,15,-63,7,754765,0,0,0,1.32,0,1.05,0,0,0,0.94,0,0.92,0,0,0,1.96,0,1.88,0,0,0,1,0,1
4,17,71,9,721190,0,0,0,1.71,0,0.61,0,0,0,0.91,0,0.84,0,0,0,2.03,0,1.83,0,0,0,1,0,1
4,15,-63,8,755341,0,0,0,1.32,0,0.94,0,0,0,0.95,0,0.89,0,0,0,1.98,0,1.94,0,0,0,1,0,1
4,71,-50,9,827243,0,0,0,2.64,0,0.86,0,0,0,1.06,0,0.91,0,0,0,2.09,0,1.85,0,0,0,1,0,1
4,-72,-65,9,837908,0,0,0,2.02,0,2.12,0,0,0,1.05,0,1,0,0,0,1.99,0,2.01,0,0,0,1,0,1
4,-80,99,9,805773,0,0,0,1.75,0,2.25,0,0,0,0.98,0,1.06,0,0,0,1.94,0,1.99,0,0,0,1,0,1
4,-13,120,7,834160,0,0,0,2.27,0,1.64,0,0,0,1.05,0,0.98,0,0,0,2.07,0,1.99,0,0,0,1,0,1
4,-72,-65,7,745544,0,0,0,1.03,0,2.18,0,0,0,0.91,0,0.97,0,0,0,1.86,0,2.07,0,0,0,1,0,1
4,-13,120,10,822922,0,0,0,2.43,0,1.5,0,0,0,1.05,0,0.92,0,0,0,2.06,0,1.89,0,0,0,1,0,1
4,17,71,10,769174,0,0,0,1.94,0,2.1,0,0,0,0.93,0,1.03,0,0,0,2.05,0,1.96,0,0,0,1,0,1
4,56,1,8,741941,0,0,0,1.15,0,2.27,0,0,0,0.88,0,1.05,0,0,0,1.89,0,2.04,0,0,0,1,0,1
4,15,-63,8,770327,0,0,0,1.13,0,1.87,0,0,0,0.95,0,0.97,0,0,0,1.88,0,2,0,0,0,1,0,1
4,71,-50,4,744246,0,0,0,1.2,0,1.41,0,0,0,0.92,0,0.93,0,0,0,1.92,0,1.94,0,0,0,1,0,1
4,17,71,1,708367,0,0,0,0.56,0,1.25,0,0,0,0.85,0,0.97,0,0,0,1.91,0,1.85,0,0,0,1,0,1
4,-72,-65,7,707070,0,0,0,0.57,0,1.35,0,0,0,0.86,0,0.93,0,0,0,1.84,0,1.9,0,0,0,1,0,1
4,56,1,9,776524,0,0,0,1.58,0,1.75,0,0,0,0.96,0,0.97,0,0,0,1.97,0,2.01,0,0,0,1,0,1
4,71,-50,7,795112,0,0,0,1.65,0,1.75,0,0,0,0.99,0,0.97,0,0,0,1.99,0,2.01,0,0,0,1,0,1
4,-80,99,10,824218,0,0,0,2.14,0,1.3,0,0,0,1.04,0,0.96,0,0,0,2.04,0,1.9,0,0,0,1,0,1
4,56,1,8,755485,0,0,0,1.37,0,1.73,0,0,0,0.92,0,0.99,0,0,0,1.92,0,2.02,0,0,0,1,0,1
4,15,-63,9,833583,0,0,0,2.06,0,1.95,0,0,0,1.04,0,1.01,0,0,0,2.06,0,2.01,0,0,0,1,0,1
4,0,0,10,753611,0,0,0,1.06,0,2.28,0,0,0,0.92,0,0.98,0,0,0,1.93,0,1.99,0,0,0,1,0,1
4,15,-63,10,833583,0,0,0,1.85,0,1.59,0,0,0,1.04,0,1.01,0,0,0,1.96,0,1.96,0,0,0,1,0,1
4,0,0,8,793238,0,0,0,2.02,0,1.54,0,0,0,0.99,0,0.96,0,0,0,1.96,0,1.97,0,0,0,1,0,1
4,0,0,9,888052,0,0,0,2.56,0,1.42,0,0,0,1.14,0,0.97,0,0,0,2.07,0,1.93,0,0,0,1,0,1
4,56,1,8,703322,0,0,0,1,0,1.06,0,0,0,0.86,0,0.91,0,0,0,1.84,0,1.92,0,0,0,1,0,1
4,0,0,7,760384,0,0,0,1.36,0,1.99,0,0,0,0.94,0,0.95,0,0,0,1.9,0,2.01,0,0,0,1,0,1
4,-72,-65,10,738194,0,0,0,1.21,0,1.91,0,0,0,0.88,0,1.03,0,0,0,1.91,0,1.98,0,0,0,1,0,1
4,17,71,4,748569,0,0,0,1.62,0,1.06,0,0,0,0.93,0,0.92,0,0,0,1.98,0,1.89,0,0,0,1,0,1
4,0,0,7,746695,0,0,0,1.8,0,1.47,0,0,0,0.93,0,0.91,0,0,0,1.92,0,1.92,0,0,0,1,0,1
4,17,71,10,839203,0,0,0,1.77,0,2.18,0,0,0,1.04,0,1.04,0,0,0,2.02,0,2.03,0,0,0,1,0,1
4,-80,99,9,721911,0,0,0,1.02,0,1.5,0,0,0,0.89,0,0.91,0,0,0,1.9,0,1.89,0,0,0,1,0,1
4,17,71,10,749865,0,0,0,1.66,0,1.89,0,0,0,0.92,0,0.96,0,0,0,1.97,0,2,0,0,0,1,0,1
4,71,-50,9,819897,0,0,0,2.1,0,1.62,0,0,0,1.03,0,0.97,0,0,0,2.05,0,1.92,0,0,0,1,0,1
4,-13,120,7,718742,0,0,0,1.23,0,0.77,0,0,0,0.9,0,0.86,0,0,0,1.92,0,1.86,0,0,0,1,0,1
4,0,0,8,792661,0,0,0,2.2,0,1.52,0,0,0,0.98,0,0.99,0,0,0,2,0,1.95,0,0,0,1,0,1
4,71,-50,7,699001,0,0,0,0.31,0,1.75,0,0,0,0.85,0,0.92,0,0,0,1.83,0,2.03,0,0,0,1,0,1
4,-13,120,8,818023,0,0,0,2.17,0,2.07,0,0,0,1.03,0,0.96,0,0,0,1.97,0,2,0,0,0,1,0,1
4,71,-50,10,756062,0,0,0,1.44,0,1.91,0,0,0,0.93,0,0.96,0,0,0,1.89,0,2.03,0,0,0,1,0,1
4,15,-63,1,622630,0,0,0,0.39,0,0.53,0,0,0,0.76,0,0.81,0,0,0,1.8,0,1.85,0,0,0,1,0,1
4,71,-50,7,717589,0,0,0,1.4,0,1.29,0,0,0,0.88,0,0.92,0,0,0,1.92,0,1.93,0,0,0,1,0,1
4,71,-50,10,785746,0,0,0,1.62,0,1.39,0,0,0,0.99,0,0.92,0,0,0,1.97,0,1.89,0,0,0,1,0,1
4,71,-50,10,751018,0,0,0,1.72,0,1.52,0,0,0,0.94,0,0.9,0,0,0,2.01,0,1.99,0,0,0,1,0,1
4,-82,34,10,749145,0,0,0,1.79,0,0.79,0,0,0,0.94,0,0.89,0,0,0,1.98,0,1.86,0,0,0,1,0,1
4,-72,-65,7,765860,0,0,0,1.36,0,0.59,0,0,0,0.97,0,0.88,0,0,0,1.96,0,1.82,0,0,0,1,0,1
4,-80,99,7,754765,0,0,0,1.11,0,1.32,0,0,0,0.94,0,0.92,0,0,0,1.95,0,1.91,0,0,0,1,0,1
4,0,0,10,866438,0,0,0,2.96,0,2.41,0,0,0,1.09,0,1.02,0,0,0,2.15,0,2.03,0,0,0,1,0,1
4,71,-50,7,787041,0,0,0,2.06,0,1.7,0,0,0,0.98,0,0.96,0,0,0,2.03,0,1.95,0,0,0,1,0,1
4,17,71,9,720039,0,0,0,1.07,0,1.48,0,0,0,0.89,0,0.9,0,0,0,1.84,0,1.98,0,0,0,1,0,1
4,-80,99,10,827243,0,0,0,2.43,0,1.38,0,0,0,1.06,0,0.91,0,0,0,2.1,0,1.92,0,0,0,1,0,1
4,-80,99,10,745398,0,0,0,1.29,0,1.13,0,0,0,0.94,0,0.87,0,0,0,1.93,0,1.93,0,0,0,1,0,1
4,0,0,9,857073,0,0,0,2.59,0,1.73,0,0,0,1.09,0,0.97,0,0,0,2.08,0,1.98,0,0,0,1,0,1
4,-80,99,8,706349,0,0,0,0.96,0,0.56,0,0,0,0.88,0,0.86,0,0,0,1.89,0,1.85,0,0,0,1,0,1
4,71,-50,10,876957,0,0,0,2.54,0,1.77,0,0,0,1.11,0,1.01,0,0,0,2.09,0,2,0,0,0,1,0,1
4,-13,120,9,795256,0,0,0,1.72,0,2.26,0,0,0,0.96,0,1.07,0,0,0,1.95,0,2.05,0,0,0,1,0,1
4,0,0,9,824218,0,0,0,2.21,0,1.66,0,0,0,1.04,0,0.96,0,0,0,2.09,0,1.91,0,0,0,1,0,1
4,-80,99,10,803037,0,0,0,1.57,0,1.27,0,0,0,1.03,0,0.88,0,0,0,1.91,0,1.91,0,0,0,1,0,1
4,-80,99,10,803900,0,0,0,1.68,0,2.1,0,0,0,0.98,0,1.05,0,0,0,2.02,0,2.08,0,0,0,1,0,1
4,0,0,10,792085,0,0,0,1.37,0,1.68,0,0,0,0.97,0,1.02,0,0,0,1.92,0,1.99,0,0,0,1,0,1
4,17,71,10,792085,0,0,0,1.72,0,1.79,0,0,0,0.97,0,1.02,0,0,0,2.04,0,2.02,0,0,0,1,0,1
4,-13,120,7,780701,0,0,0,1.54,0,0.56,0,0,0,1,0,0.86,0,0,0,2.01,0,1.84,0,0,0,1,0,1
4,0,0,2,653034,0,0,0,0.1,0,0.43,0,0,0,0.8,0,0.84,0,0,0,1.82,0,1.85,0,0,0,1,0,1
4,0,0,9,780846,0,0,0,2.17,0,1.82,0,0,0,0.97,0,0.96,0,0,0,2.05,0,2,0,0,0,1,0,1
4,17,71,8,811105,0,0,0,1.99,0,1.13,0,0,0,1.04,0,0.89,0,0,0,2.03,0,1.97,0,0,0,1,0,1
4,-82,34,9,746840,0,0,0,1.47,0,2,0,0,0,0.9,0,1.01,0,0,0,1.92,0,1.96,0,0,0,1,0,1
4,15,-63,10,876380,0,0,0,2.12,0,2.17,0,0,0,1.1,0,1.04,0,0,0,1.99,0,2.08,0,0,0,1,0,1
4,15,-63,5,760961,0,0,0,1.57,0,1.05,0,0,0,0.95,0,0.92,0,0,0,1.98,0,1.89,0,0,0,1,0,1
4,-80,99,10,778973,0,0,0,1.4,0,1.75,0,0,0,0.97,0,0.95,0,0,0,1.94,0,1.89,0,0,0,1,0,1
4,-13,120,10,731278,0,0,0,1.15,0,1.69,0,0,0,0.89,0,0.96,0,0,0,1.92,0,1.99,0,0,0,1,0,1
4,71,-50,9,772632,0,0,0,2.03,0,0.85,0,0,0,0.99,0,0.85,0,0,0,2.02,0,1.93,0,0,0,1,0,1
4,15,-63,0,686609,0,0,0,0.59,0,0.74,0,0,0,0.83,0,0.92,0,0,0,1.85,0,1.9,0,0,0,1,0,1
4,71,-50,9,713410,0,0,0,0.9,0,1.83,0,0,0,0.84,0,1.03,0,0,0,1.91,0,2.01,0,0,0,1,0,1
4,71,-50,9,804910,0,0,0,1.55,0,0.97,0,0,0,1.03,0,0.89,0,0,0,1.94,0,1.95,0,0,0,1,0,1
4,-72,-65,8,730557,0,0,0,1.43,0,1.01,0,0,0,0.91,0,0.89,0,0,0,1.97,0,1.88,0,0,0,1,0,1
4,-80,99,9,801884,0,0,0,1.7,0,1.73,0,0,0,1.01,0,0.94,0,0,0,1.95,0,1.98,0,0,0,1,0,1
4,0,0,1,665571,0,0,0,0.73,0,1.12,0,0,0,0.79,0,0.94,0,0,0,1.89,0,1.93,0,0,0,1,0,1
4,71,-50,1,678540,0,0,0,0.47,0,0.36,0,0,0,0.82,0,0.91,0,0,0,1.87,0,1.83,0,0,0,1,0,1
4,-72,-65,10,805630,0,0,0,2.16,0,1.44,0,0,0,1.01,0,0.96,0,0,0,1.97,0,1.97,0,0,0,1,0,1
4,-13,120,7,757214,0,0,0,1.49,0,1.17,0,0,0,0.95,0,0.9,0,0,0,1.98,0,1.94,0,0,0,1,0,1
4,0,0,9,747415,0,0,0,1.58,0,1.96,0,0,0,0.91,0,0.98,0,0,0,1.93,0,1.98,0,0,0,1,0,1
4,0,0,10,777100,0,0,0,1.7,0,1.66,0,0,0,0.97,0,0.94,0,0,0,1.88,0,1.98,0,0,0,1,0,1
4,-13,120,8,768308,0,0,0,2.07,0,0.8,0,0,0,0.98,0,0.86,0,0,0,2.05,0,1.89,0,0,0,1,0,1
4,15,-63,7,731132,0,0,0,1.62,0,0.87,0,0,0,0.92,0,0.86,0,0,0,1.93,0,1.91,0,0,0,1,0,1
4,17,71,7,762257,0,0,0,1.67,0,2.04,0,0,0,0.94,0,0.96,0,0,0,1.95,0,1.99,0,0,0,1,0,1
4,0,0,7,786897,0,0,0,2.41,0,0.72,0,0,0,1.01,0,0.86,0,0,0,2.06,0,1.83,0,0,0,1,0,1
4,-72,-65,7,812403,0,0,0,1.36,0,0.81,0,0,0,1.03,0,0.93,0,0,0,1.92,0,1.83,0,0,0,1,0,1
4,0,0,10,804477,0,0,0,1.97,0,1.76,0,0,0,0.99,0,1.02,0,0,0,1.98,0,1.97,0,0,0,1,0,1
4,71,-50,2,727962,0,0,0,0.93,0,0.57,0,0,0,0.93,0,0.81,0,0,0,1.91,0,1.88,0,0,0,1,0,1
4,0,0,8,738626,0,0,0,1.08,0,0.76,0,0,0,0.92,0,0.9,0,0,0,1.84,0,1.88,0,0,0,1,0,1
4,0,0,9,820615,0,0,0,2.3,0,2.13,0,0,0,1.01,0,1.04,0,0,0,2.02,0,2.03,0,0,0,1,0,1
4,0,0,9,747271,0,0,0,1.55,0,0.8,0,0,0,0.94,0,0.88,0,0,0,1.97,0,1.92,0,0,0,1,0,1
4,0,0,7,762257,0,0,0,0.97,0,1.55,0,0,0,0.94,0,0.96,0,0,0,1.92,0,1.96,0,0,0,1,0,1
4,-72,-65,7,726235,0,0,0,1.05,0,1.36,0,0,0,0.9,0,0.9,0,0,0,1.92,0,1.94,0,0,0,1,0,1
4,0,0,9,808656,0,0,0,1.78,0,1.3,0,0,0,1.03,0,0.91,0,0,0,2,0,1.92,0,0,0,1,0,1
4,0,0,9,793238,0,0,0,1.99,0,1.48,0,0,0,0.99,0,0.96,0,0,0,1.99,0,2,0,0,0,1,0,1
4,0,0,9,760961,0,0,0,1.68,0,1.51,0,0,0,0.95,0,0.92,0,0,0,2,0,1.97,0,0,0,1,0,1
4,71,-50,9,745544,0,0,0,1.48,0,1.46,0,0,0,0.91,0,0.97,0,0,0,1.92,0,1.91,0,0,0,1,0,1
4,-80,99,8,830991,0,0,0,2.47,0,0.91,0,0,0,1.06,0,0.93,0,0,0,2.03,0,1.89,0,0,0,1,0,1
4,-13,120,9,763987,0,0,0,1.41,0,1.19,0,0,0,0.97,0,0.87,0,0,0,1.92,0,1.92,0,0,0,1,0,1
4,71,-50,9,757214,0,0,0,1.27,0,1.54,0,0,0,0.95,0,0.9,0,0,0,1.97,0,1.96,0,0,0,1,0,1
4,-80,99,7,790067,0,0,0,1.55,0,1.14,0,0,0,1,0,0.91,0,0,0,1.94,0,1.91,0,0,0,1,0,1
4,0,0,9,744390,0,0,0,1.11,0,2.04,0,0,0,0.89,0,1.03,0,0,0,1.93,0,2.03,0,0,0,1,0,1
4,71,-50,10,820472,0,0,0,1.65,0,1.47,0,0,0,1.04,0,0.94,0,0,0,1.95,0,1.96,0,0,0,1,0,1
4,0,0,6,693526,0,0,0,0.37,0,1.56,0,0,0,0.82,0,0.99,0,0,0,1.8,0,1.94,0,0,0,1,0,1
4,17,71,10,749865,0,0,0,1.31,0,1.39,0,0,0,0.92,0,0.96,0,0,0,1.88,0,1.97,0,0,0,1,0,1
4,-80,99,9,834882,0,0,0,2.18,0,1.93,0,0,0,1.03,0,1.05,0,0,0,1.99,0,2.01,0,0,0,1,0,1
4,-13,120,5,762689,0,0,0,1.77,0,0.37,0,0,0,0.98,0,0.83,0,0,0,1.98,0,1.83,0,0,0,1,0,1
4,0,0,9,796984,0,0,0,1.51,0,1.75,0,0,0,0.99,0,0.98,0,0,0,2,0,1.96,0,0,0,1,0,1
4,56,1,7,790067,0,0,0,1.95,0,0.9,0,0,0,1,0,0.91,0,0,0,2,0,1.89,0,0,0,1,0,1
4,71,-50,9,753611,0,0,0,1.72,0,2.02,0,0,0,0.92,0,0.98,0,0,0,1.98,0,2,0,0,0,1,0,1
4,-72,-65,10,776955,0,0,0,1.41,0,0.65,0,0,0,1,0,0.84,0,0,0,1.98,0,1.82,0,0,0,1,0,1
4,-80,99,3,762257,0,0,0,1.25,0,0.95,0,0,0,0.94,0,0.96,0,0,0,1.94,0,1.89,0,0,0,1,0,1
4,17,71,0,652458,0,0,0,0.13,0,0.78,0,0,0,0.79,0,0.87,0,0,0,1.75,0,1.88,0,0,0,1,0,1
4,71,-50,9,808799,0,0,0,2.63,0,1.8,0,0,0,1,0,1.01,0,0,0,2.08,0,2,0,0,0,1,0,1
4,-13,120,9,711537,0,0,0,0.49,0,2.36,0,0,0,0.84,0,1.02,0,0,0,1.88,0,2.01,0,0,0,1,0,1
4,0,0,7,774073,0,0,0,1.13,0,1.94,0,0,0,0.95,0,0.99,0,0,0,1.94,0,2.08,0,0,0,1,0,1
4,-80,99,10,761537,0,0,0,1.52,0,1.3,0,0,0,0.96,0,0.89,0,0,0,1.96,0,1.91,0,0,0,1,0,1
4,0,0,3,713122,0,0,0,0.83,0,0.47,0,0,0,0.9,0,0.83,0,0,0,1.87,0,1.86,0,0,0,1,0,1
4,15,-63,8,874363,0,0,0,2.37,0,1.41,0,0,0,1.13,0,0.93,0,0,0,2.08,0,1.97,0,0,0,1,0,1
4,71,-50,4,813123,0,0,0,1.85,0,1.85,0,0,0,1.01,0,1,0,0,0,1.94,0,1.98,0,0,0,1,0,1
4,-72,-65,8,736032,0,0,0,1.65,0,0.7,0,0,0,0.94,0,0.82,0,0,0,1.97,0,1.88,0,0,0,1,0,1
4,0,0,8,750442,0,0,0,1.45,0,1.56,0,0,0,0.93,0,0.93,0,0,0,1.97,0,2.02,0,0,0,1,0,1
4,-80,99,10,771479,0,0,0,1.69,0,1.38,0,0,0,0.97,0,0.91,0,0,0,1.94,0,1.94,0,0,0,1,0,1
4,-13,120,9,726956,0,0,0,0.76,0,1.8,0,0,0,0.88,0,0.97,0,0,0,1.87,0,1.97,0,0,0,1,0,1
4,-82,34,9,744822,0,0,0,1.64,0,1.39,0,0,0,0.93,0,0.9,0,0,0,1.95,0,1.87,0,0,0,1,0,1
4,-72,-65,8,761681,0,0,0,0.97,0,1.68,0,0,0,0.93,0,0.99,0,0,0,1.92,0,1.98,0,0,0,1,0,1
4,-80,99,9,753035,0,0,0,1.47,0,1.69,0,0,0,0.91,0,1.01,0,0,0,1.96,0,1.95,0,0,0,1,0,1
4,71,-50,8,795112,0,0,0,1.72,0,1.69,0,0,0,0.99,0,0.97,0,0,0,1.99,0,1.98,0,0,0,1,0,1
4,-80,99,7,823497,0,0,0,2.25,0,1.19,0,0,0,1.06,0,0.89,0,0,0,2.05,0,1.9,0,0,0,1,0,1
4,-72,-65,9,697847,0,0,0,0.85,0,1.64,0,0,0,0.83,0,0.98,0,0,0,1.82,0,2.02,0,0,0,1,0,1
4,71,-50,1,621333,0,0,0,0.12,0,0.05,0,0,0,0.77,0,0.77,0,0,0,1.84,0,1.83,0,0,0,1,0,1
4,71,-50,7,703322,0,0,0,0.97,0,1.49,0,0,0,0.86,0,0.91,0,0,0,1.85,0,1.97,0,0,0,1,0,1
4,0,0,8,746840,0,0,0,1.47,0,2.39,0,0,0,0.9,0,1.01,0,0,0,2.01,0,2.08,0,0,0,1,0,1
4,-80,99,9,813556,0,0,0,2.17,0,0.56,0,0,0,1.05,0,0.87,0,0,0,2.03,0,1.93,0,0,0,1,0,1
4,71,-50,9,786466,0,0,0,1.46,0,1.85,0,0,0,0.97,0,0.99,0,0,0,1.99,0,2,0,0,0,1,0,1
4,0,0,10,885025,0,0,0,2.68,0,2.21,0,0,0,1.12,0,1.02,0,0,0,2,0,2.07,0,0,0,1,0,1
4,0,0,3,634592,0,0,0,0.24,0,1,0,0,0,0.74,0,0.94,0,0,0,1.77,0,1.92,0,0,0,1,0,1
4,0,0,7,744101,0,0,0,1.83,0,0.6,0,0,0,0.95,0,0.83,0,0,0,2.03,0,1.9,0,0,0,1,0,1
4,-13,120,5,679116,0,0,0,0.41,0,0.92,0,0,0,0.83,0,0.88,0,0,0,1.83,0,1.9,0,0,0,1,0,1
4,71,-50,8,768453,0,0,0,1.5,0,1.63,0,0,0,0.95,0,0.96,0,0,0,1.94,0,1.92,0,0,0,1,0,1
4,0,0,1,713843,0,0,0,0.89,0,0.59,0,0,0,0.88,0,0.9,0,0,0,1.81,0,1.85,0,0,0,1,0,1
4,71,-50,9,847129,0,0,0,2.42,0,1.11,0,0,0,1.08,0,0.95,0,0,0,1.97,0,1.98,0,0,0,1,0,1
4,-80,99,9,819897,0,0,0,2.45,0,1.66,0,0,0,1.03,0,0.97,0,0,0,2.06,0,1.96,0,0,0,1,0,1
4,71,-50,9,805053,0,0,0,1.55,0,1.95,0,0,0,1,0,0.99,0,0,0,1.93,0,2.01,0,0,0,1,0,1
4,0,0,7,763410,0,0,0,1.62,0,1.11,0,0,0,0.96,0,0.9,0,0,0,2.06,0,1.9,0,0,0,1,0,1
4,0,0,7,822489,0,0,0,2.03,0,2.29,0,0,0,1.01,0,1.05,0,0,0,2.04,0,2.05,0,0,0,1,0,1
4,-82,34,10,796984,0,0,0,1.48,0,1.05,0,0,0,0.99,0,0.98,0,0,0,1.98,0,1.88,0,0,0,1,0,1
4,15,-63,7,838484,0,0,0,2.35,0,1.7,0,0,0,1.06,0,0.97,0,0,0,2.03,0,1.94,0,0,0,1,0,1
4,-80,99,9,793958,0,0,0,1.05,0,1.9,0,0,0,0.97,0,1.03,0,0,0,1.87,0,2.02,0,0,0,1,0,1
4,0,0,9,877678,0,0,0,2.7,0,2.61,0,0,0,1.09,0,1.08,0,0,0,2.06,0,2.07,0,0,0,1,0,1
4,-80,99,8,807504,0,0,0,2.01,0,1.65,0,0,0,1.01,0,0.97,0,0,0,1.99,0,1.94,0,0,0,1,0,1
4,0,0,10,789493,0,0,0,1.87,0,1.77,0,0,0,0.99,0,0.94,0,0,0,1.95,0,2.01,0,0,0,1,0,1
4,0,0,3,718165,0,0,0,1.32,0,0.83,0,0,0,0.89,0,0.89,0,0,0,1.91,0,1.87,0,0,0,1,0,1
4,0,0,8,790644,0,0,0,2.16,0,0.9,0,0,0,1.01,0,0.88,0,0,0,2.01,0,1.89,0,0,0,1,0,1
4,17,71,9,783871,0,0,0,1.64,0,1.45,0,0,0,0.99,0,0.91,0,0,0,1.92,0,1.9,0,0,0,1,0,1
4,-80,99,10,802604,0,0,0,2.02,0,1.99,0,0,0,0.99,0,1.01,0,0,0,2,0,2.02,0,0,0,1,0,1
4,0,0,9,736177,0,0,0,1.62,0,0.94,0,0,0,0.91,0,0.92,0,0,0,1.97,0,1.95,0,0,0,1,0,1
4,0,0,2,753611,0,0,0,1.06,0,1.13,0,0,0,0.92,0,0.98,0,0,0,1.9,0,2,0,0,0,1,0,1
4,15,-63,8,796984,0,0,0,2.08,0,1.92,0,0,0,0.99,0,0.98,0,0,0,2.05,0,2.02,0,0,0,1,0,1
4,-72,-65,9,841077,0,0,0,2.39,0,2.12,0,0,0,1.04,0,1.05,0,0,0,2.07,0,2.03,0,0,0,1,0,1
4,56,1,3,738050,0,0,0,1.19,0,1.08,0,0,0,0.91,0,0.93,0,0,0,1.88,0,1.95,0,0,0,1,0,1
4,15,-63,7,739348,0,0,0,1.16,0,1.31,0,0,0,0.9,0,0.97,0,0,0,1.9,0,1.9,0,0,0,1,0,1
4,-13,120,8,811825,0,0,0,2.39,0,1.54,0,0,0,1.02,0,0.96,0,0,0,2.01,0,1.96,0,0,0,1,0,1
4,0,0,7,783296,0,0,0,2.05,0,1.14,0,0,0,0.98,0,0.94,0,0,0,2,0,1.89,0,0,0,1,0,1
4,15,-63,7,832289,0,0,0,1.88,0,1.66,0,0,0,1.05,0,0.97,0,0,0,1.99,0,1.99,0,0,0,1,0,1
4,-80,99,4,759664,0,0,0,1.46,0,0.88,0,0,0,0.96,0,0.88,0,0,0,1.97,0,1.9,0,0,0,1,0,1
4,-72,-65,9,792661,0,0,0,1.84,0,1.74,0,0,0,0.98,0,0.99,0,0,0,1.98,0,2.01,0,0,0,1,0,1
4,-72,-65,9,784015,0,0,0,1.6,0,2.11,0,0,0,0.96,0,1.01,0,0,0,1.99,0,2.06,0,0,0,1,0,1
4,71,-50,8,843527,0,0,0,1.8,0,1.99,0,0,0,1.05,0,1.03,0,0,0,1.96,0,1.98,0,0,0,1,0,1
4,71,-50,10,794534,0,0,0,1.76,0,1.77,0,0,0,0.98,0,1,0,0,0,1.92,0,1.95,0,0,0,1,0,1
4,0,0,9,753035,0,0,0,1.22,0,2.28,0,0,0,0.91,0,1.01,0,0,0,1.92,0,2.04,0,0,0,1,0,1
4,0,0,10,809376,0,0,0,2.29,0,1.95,0,0,0,1.01,0,0.98,0,0,0,2.05,0,2.05,0,0,0,1,0,1
4,-82,34,10,745688,0,0,0,1.23,0,1.84,0,0,0,0.88,0,1.07,0,0,0,1.91,0,1.95,0,0,0,1,0,1
4,15,-63,7,739202,0,0,0,1.27,0,0.86,0,0,0,0.93,0,0.87,0,0,0,1.89,0,1.82,0,0,0,1,0,1
4,71,-50,8,770904,0,0,0,1.48,0,1.85,0,0,0,0.96,0,0.94,0,0,0,1.97,0,1.99,0,0,0,1,0,1
4,15,-63,7,742373,0,0,0,1.41,0,1.47,0,0,0,0.92,0,0.92,0,0,0,1.89,0,1.97,0,0,0,1,0,1
4,71,-50,10,872058,0,0,0,2.72,0,2.28,0,0,0,1.09,0,1.05,0,0,0,2.03,0,2.05,0,0,0,1,0,1
4,0,0,0,694678,0,0,0,0.4,0,1.13,0,0,0,0.84,0,0.93,0,0,0,1.8,0,1.91,0,0,0,1,0,1
4,0,0,9,762834,0,0,0,1.69,0,1.3,0,0,0,0.95,0,0.93,0,0,0,1.99,0,1.92,0,0,0,1,0,1
4,-13,120,7,816293,0,0,0,1.15,0,2.28,0,0,0,1,0,1.05,0,0,0,1.95,0,2.03,0,0,0,1,0,1
